1001,2024-08-12,Hiring,2.49,34446.87,0.00,FR_NON_EXEMPT,Salary,PAY-NVT-1001,857.73
1001,2026-01-04,Data Change,3.32,36274.24,0.00,FR_NON_EXEMPT,Salary,PAY-NVT-1001-2,1204.30
1002,2015-10-18,Hiring,10.98,39607.37,0.00,FR_EXEMPT,Salary,PAY-NVT-1002,4348.89
1002,2021-09-19,Promotion,13.76,72737.21,0.00,FR_EXEMPT,Salary,PAY-NVT-1002-2,10648.73
1002,2024-10-03,Promotion,14.79,95076.46,0.00,FR_EXEMPT,Salary,PAY-NVT-1002-3,13919.19
1002,2025-11-08,Data Change,14.64,95076.46,0.00,FR_EXEMPT,Salary,PAY-NVT-1002-4,13919.19
1003,2013-09-28,Hiring,11.48,29091.90,0.00,FR_EXEMPT,Salary,PAY-NVT-1003,3339.75
1003,2016-09-30,Promotion,13.32,43564.76,0.00,FR_EXEMPT,Salary,PAY-NVT-1003-2,6669.76
1003,2019-10-20,Promotion,14.39,52418.52,0.00,FR_EXEMPT,Salary,PAY-NVT-1003-3,8025.28
1003,2025-06-04,Data Change,15.31,69512.26,0.00,FR_EXEMPT,Salary,PAY-NVT-1003-4,10642.33
1004,2021-04-11,Hiring,10.35,76540.40,0.00,FR_EXEMPT,Commission,PAY-NVT-1004,7921.93
1004,2025-11-01,Data Change,13.80,76540.40,0.00,FR_EXEMPT,Commission,PAY-NVT-1004-2,10562.58
1005,2019-03-06,Hiring,12.86,51108.10,0.00,FR_EXEMPT,Commission,PAY-NVT-1005,6572.50
1005,2025-04-02,Promotion,17.31,77393.69,0.00,FR_EXEMPT,Commission,PAY-NVT-1005-2,13265.28
1005,2025-04-21,Data Change,17.14,77954.12,0.00,FR_EXEMPT,Commission,PAY-NVT-1005-3,13361.34
1006,2013-08-05,Hiring,8.30,47349.51,0.00,FR_EXEMPT,Salary,PAY-NVT-1006,3930.01
1006,2022-07-20,Promotion,11.18,132579.88,5400.00,FR_EXEMPT,Salary,PAY-NVT-1006-2,14676.59
1006,2025-07-24,Data Change,11.07,137597.95,5400.00,FR_EXEMPT,Salary,PAY-NVT-1006-3,15232.09
1007,2020-08-06,Hiring,8.45,49422.91,0.00,FR_EXEMPT,Salary,PAY-NVT-1007,4176.24
1007,2023-07-17,Promotion,10.59,67356.98,0.00,FR_EXEMPT,Salary,PAY-NVT-1007-2,7591.13
1007,2025-05-14,Data Change,11.27,69653.64,0.00,FR_EXEMPT,Salary,PAY-NVT-1007-3,7849.97
1008,2015-05-20,Hiring,7.96,75248.07,0.00,FR_EXEMPT,Salary,PAY-NVT-1008,5989.75
1008,2018-05-30,Promotion,10.73,99700.88,5400.00,FR_EXEMPT,Salary,PAY-NVT-1008-2,10588.23
1008,2025-04-11,Data Change,10.62,99738.99,5400.00,FR_EXEMPT,Salary,PAY-NVT-1008-3,10592.28
1009,2019-08-23,Hiring,10.75,39482.56,0.00,FR_EXEMPT,Salary,PAY-NVT-1009,4244.38
1009,2025-09-29,Data Change,14.34,72959.68,4800.00,FR_EXEMPT,Salary,PAY-NVT-1009-2,10462.42
1010,2025-10-08,Hiring,9.61,66833.27,0.00,FR_EXEMPT,Salary,PAY-NVT-1010,6422.68
1011,2025-09-16,Hiring,10.43,93778.34,0.00,FR_EXEMPT,Salary,PAY-NVT-1011,9781.08
1012,2019-03-11,Hiring,20.26,190621.25,0.00,FR_EXECUTIVE,Salary,PAY-NVT-1012,38619.87
1012,2026-01-13,Data Change,27.01,197320.87,8400.00,FR_EXECUTIVE,Salary,PAY-NVT-1012-2,53296.37
1013,2014-08-24,Hiring,9.06,68600.74,0.00,FR_EXEMPT,Salary,PAY-NVT-1013,6215.23
1013,2025-08-04,Data Change,12.08,94622.33,0.00,FR_EXEMPT,Salary,PAY-NVT-1013-2,11430.38
1014,2017-09-22,Hiring,7.81,34150.49,0.00,FR_EXEMPT,Salary,PAY-NVT-1014,2667.15
1014,2025-10-17,Data Change,10.42,64580.42,0.00,FR_EXEMPT,Salary,PAY-NVT-1014-2,6729.28
1015,2018-06-18,Hiring,8.42,97949.59,0.00,FR_EXEMPT,Salary,PAY-NVT-1015,8247.36
1015,2025-04-03,Data Change,11.22,100580.60,4200.00,FR_EXEMPT,Salary,PAY-NVT-1015-2,11285.14
1016,2017-11-07,Hiring,12.41,58275.73,0.00,FR_EXEMPT,Salary,PAY-NVT-1016,7232.02
1016,2020-11-23,Promotion,15.56,85840.51,0.00,FR_EXEMPT,Salary,PAY-NVT-1016-2,14206.60
1016,2023-11-27,Promotion,16.72,97842.37,0.00,FR_EXEMPT,Salary,PAY-NVT-1016-3,16192.91
1016,2025-10-24,Data Change,16.55,108644.51,0.00,FR_EXEMPT,Salary,PAY-NVT-1016-4,17980.67
1017,2025-09-24,Hiring,3.11,44057.24,0.00,FR_NON_EXEMPT,Salary,PAY-NVT-1017,1370.18
1018,2019-10-25,Hiring,10.07,45015.99,0.00,FR_EXEMPT,Salary,PAY-NVT-1018,4533.11
1018,2022-11-09,Promotion,11.68,68154.39,0.00,FR_EXEMPT,Salary,PAY-NVT-1018-2,9153.13
1018,2025-10-30,Promotion,12.62,94444.84,5400.00,FR_EXEMPT,Salary,PAY-NVT-1018-3,12683.94
1018,2025-12-29,Data Change,13.43,94444.84,5400.00,FR_EXEMPT,Salary,PAY-NVT-1018-4,12683.94
1019,2018-06-10,Hiring,10.11,69561.97,0.00,FR_EXEMPT,Salary,PAY-NVT-1019,7032.72
1019,2021-05-11,Promotion,12.67,92385.02,0.00,FR_EXEMPT,Salary,PAY-NVT-1019-2,12453.50
1019,2024-05-18,Promotion,13.61,120294.90,0.00,FR_EXEMPT,Salary,PAY-NVT-1019-3,16215.75
1019,2025-08-07,Data Change,13.48,123430.24,0.00,FR_EXEMPT,Salary,PAY-NVT-1019-4,16638.40
1020,2016-12-26,Hiring,8.97,71964.05,0.00,FR_EXEMPT,Salary,PAY-NVT-1020,6455.18
1020,2019-12-28,Promotion,12.08,92747.30,0.00,FR_EXEMPT,Salary,PAY-NVT-1020-2,11092.58
1020,2025-07-10,Data Change,11.96,93191.07,0.00,FR_EXEMPT,Salary,PAY-NVT-1020-3,11145.65
1021,2018-02-25,Hiring,9.45,53557.28,0.00,FR_EXEMPT,Salary,PAY-NVT-1021,5061.16
1021,2021-02-24,Promotion,11.84,75037.01,0.00,FR_EXEMPT,Salary,PAY-NVT-1021-2,9454.66
1021,2024-02-24,Promotion,12.73,87938.60,0.00,FR_EXEMPT,Salary,PAY-NVT-1021-3,11080.26
1021,2026-01-09,Data Change,12.60,87938.60,0.00,FR_EXEMPT,Salary,PAY-NVT-1021-4,11080.26
1022,2023-12-27,Hiring,0.32,33531.16,0.00,FR_NON_EXEMPT,Salary,PAY-NVT-1022,107.30
1022,2025-03-29,Data Change,0.43,33531.16,0.00,FR_NON_EXEMPT,Salary,PAY-NVT-1022-2,144.18
1023,2023-04-01,Hiring,11.65,96613.16,0.00,FR_EXEMPT,Salary,PAY-NVT-1023,11255.43
1023,2025-09-24,Data Change,15.53,96613.16,5400.00,FR_EXEMPT,Salary,PAY-NVT-1023-2,15004.02
1024,2016-12-03,Hiring,11.83,41377.84,0.00,FR_EXEMPT,Salary,PAY-NVT-1024,4895.00
1024,2019-12-27,Promotion,13.72,61850.28,0.00,FR_EXEMPT,Salary,PAY-NVT-1024-2,9753.79
1024,2022-12-27,Promotion,14.82,86032.41,4800.00,FR_EXEMPT,Salary,PAY-NVT-1024-3,13567.31
1024,2025-11-24,Promotion,15.93,102157.36,4800.00,FR_EXEMPT,Salary,PAY-NVT-1024-4,16110.22
1024,2025-12-30,Data Change,15.77,102157.36,4800.00,FR_EXEMPT,Salary,PAY-NVT-1024-5,16110.22
1025,2013-09-19,Hiring,8.87,41158.59,0.00,FR_EXEMPT,Salary,PAY-NVT-1025,3650.77
1025,2019-10-11,Promotion,11.11,88484.97,4200.00,FR_EXEMPT,Salary,PAY-NVT-1025-2,10458.92
1025,2022-09-14,Promotion,11.94,99127.73,4200.00,FR_EXEMPT,Salary,PAY-NVT-1025-3,11716.90
1025,2025-12-20,Data Change,11.82,99127.73,4200.00,FR_EXEMPT,Salary,PAY-NVT-1025-4,11716.90
1026,2019-09-18,Hiring,12.73,45941.26,0.00,FR_EXEMPT,Salary,PAY-NVT-1026,5848.32
1026,2025-12-18,Data Change,16.98,90751.75,0.00,FR_EXEMPT,Salary,PAY-NVT-1026-2,15409.65
1027,2014-10-07,Hiring,10.45,30052.74,0.00,FR_EXEMPT,Salary,PAY-NVT-1027,3140.51
1027,2017-10-21,Promotion,12.12,44768.14,0.00,FR_EXEMPT,Salary,PAY-NVT-1027-2,6236.20
1027,2025-05-11,Data Change,13.93,66218.05,0.00,FR_EXEMPT,Salary,PAY-NVT-1027-3,9224.17
1028,2015-07-25,Hiring,11.21,55740.18,0.00,FR_EXEMPT,Salary,PAY-NVT-1028,6248.47
1028,2018-07-31,Promotion,13.01,75665.47,0.00,FR_EXEMPT,Salary,PAY-NVT-1028-2,11311.99
1028,2021-07-19,Promotion,14.05,98048.41,0.00,FR_EXEMPT,Salary,PAY-NVT-1028-3,14658.24
1028,2024-08-19,Promotion,15.10,126497.84,0.00,FR_EXEMPT,Salary,PAY-NVT-1028-4,18911.43
1028,2025-04-22,Data Change,14.95,126497.84,0.00,FR_EXEMPT,Salary,PAY-NVT-1028-5,18911.43
1029,2023-08-18,Hiring,3.56,36552.54,0.00,FR_NON_EXEMPT,Salary,PAY-NVT-1029,1301.27
1029,2025-03-24,Data Change,4.74,36552.54,0.00,FR_NON_EXEMPT,Salary,PAY-NVT-1029-2,1732.59
1030,2022-05-13,Hiring,11.63,51728.88,0.00,FR_EXEMPT,Salary,PAY-NVT-1030,6016.07
1030,2025-05-09,Promotion,14.58,65872.49,0.00,FR_EXEMPT,Salary,PAY-NVT-1030-2,10216.82
1030,2025-07-25,Data Change,15.51,65872.49,0.00,FR_EXEMPT,Salary,PAY-NVT-1030-3,10216.82
1031,2021-02-01,Hiring,7.04,37450.65,0.00,FR_EXEMPT,Salary,PAY-NVT-1031,2636.53
1031,2025-04-28,Data Change,9.38,52119.90,0.00,FR_EXEMPT,Salary,PAY-NVT-1031-2,4888.85
1032,2019-11-12,Hiring,12.25,35657.27,0.00,FR_EXEMPT,Salary,PAY-NVT-1032,4368.02
1032,2022-11-18,Promotion,14.22,51777.79,0.00,FR_EXEMPT,Salary,PAY-NVT-1032-2,8460.49
1032,2025-12-15,Data Change,16.34,65733.99,0.00,FR_EXEMPT,Salary,PAY-NVT-1032-3,10740.93
1033,2022-11-20,Hiring,10.50,76249.78,0.00,FR_EXEMPT,Salary,PAY-NVT-1033,8006.23
1033,2025-01-11,Data Change,14.00,92516.64,0.00,FR_EXEMPT,Salary,PAY-NVT-1033-2,12952.33
1034,2023-08-25,Hiring,3.22,67343.46,0.00,FR_NON_EXEMPT,Salary,PAY-NVT-1034,2168.46
1034,2025-03-18,Data Change,4.30,67343.46,0.00,FR_NON_EXEMPT,Salary,PAY-NVT-1034-2,2895.77
1035,2025-03-14,Hiring,10.15,79512.07,0.00,FR_EXEMPT,Salary,PAY-NVT-1035,8070.48
1035,2025-04-18,Data Change,13.54,79512.07,6000.00,FR_EXEMPT,Salary,PAY-NVT-1035-2,10765.93
1036,2025-12-24,Hiring,1.86,47625.77,0.00,FR_NON_EXEMPT,Salary,PAY-NVT-1036,885.84
1037,2018-10-28,Hiring,9.92,68852.35,0.00,FR_EXEMPT,Salary,PAY-NVT-1037,6830.15
1037,2025-08-08,Data Change,13.23,78020.67,0.00,FR_EXEMPT,Salary,PAY-NVT-1037-2,10322.13
1038,2015-08-04,Hiring,10.49,68760.61,0.00,FR_EXEMPT,Salary,PAY-NVT-1038,7212.99
1038,2021-08-04,Promotion,14.13,118304.62,4200.00,FR_EXEMPT,Salary,PAY-NVT-1038-2,16550.82
1038,2025-02-13,Data Change,13.99,118304.62,4200.00,FR_EXEMPT,Salary,PAY-NVT-1038-3,16550.82
1039,2017-05-09,Hiring,12.29,84816.32,0.00,FR_EXEMPT,Salary,PAY-NVT-1039,10423.93
1039,2020-04-24,Promotion,16.55,98074.38,0.00,FR_EXEMPT,Salary,PAY-NVT-1039-2,16074.39
1039,2025-12-16,Data Change,16.39,98074.38,0.00,FR_EXEMPT,Salary,PAY-NVT-1039-3,16074.39
1040,2020-06-29,Hiring,6.37,44999.50,0.00,FR_EXEMPT,Salary,PAY-NVT-1040,2866.47
1040,2023-06-23,Promotion,7.39,58301.03,0.00,FR_EXEMPT,Salary,PAY-NVT-1040-2,4949.76
1040,2025-11-07,Data Change,8.49,58301.03,0.00,FR_EXEMPT,Salary,PAY-NVT-1040-3,4949.76
1041,2019-10-22,Hiring,10.55,42362.46,0.00,FR_EXEMPT,Salary,PAY-NVT-1041,4469.24
1041,2025-11-15,Promotion,13.23,72597.21,0.00,FR_EXEMPT,Salary,PAY-NVT-1041-2,10214.43
1041,2026-01-05,Data Change,14.07,72597.21,0.00,FR_EXEMPT,Salary,PAY-NVT-1041-3,10214.43
1042,2014-05-17,Hiring,12.52,33012.71,0.00,FR_EXEMPT,Salary,PAY-NVT-1042,4133.19
1042,2020-05-12,Promotion,15.70,57950.49,0.00,FR_EXEMPT,Salary,PAY-NVT-1042-2,9677.73
1042,2023-04-17,Promotion,16.87,65125.14,0.00,FR_EXEMPT,Salary,PAY-NVT-1042-3,10875.90
1042,2025-04-06,Data Change,16.70,65125.14,0.00,FR_EXEMPT,Salary,PAY-NVT-1042-4,10875.90
1043,2021-07-20,Hiring,10.23,70928.65,0.00,FR_EXEMPT,Salary,PAY-NVT-1043,7256.00
1043,2024-08-15,Promotion,13.78,87297.91,0.00,FR_EXEMPT,Salary,PAY-NVT-1043-2,11907.43
1043,2025-08-11,Data Change,13.64,88639.62,0.00,FR_EXEMPT,Salary,PAY-NVT-1043-3,12090.44
1044,2024-09-15,Hiring,6.23,52235.60,0.00,FR_EXEMPT,Salary,PAY-NVT-1044,3254.28
1044,2025-08-30,Data Change,8.31,52930.46,0.00,FR_EXEMPT,Salary,PAY-NVT-1044-2,4398.52
1045,2021-12-04,Hiring,11.04,65462.79,0.00,FR_EXEMPT,Salary,PAY-NVT-1045,7227.09
1045,2025-05-02,Data Change,14.72,65462.79,0.00,FR_EXEMPT,Salary,PAY-NVT-1045-2,9636.12
1046,2015-09-24,Hiring,8.42,36780.10,0.00,FR_EXEMPT,Salary,PAY-NVT-1046,3096.88
1046,2018-10-09,Promotion,9.77,53226.48,0.00,FR_EXEMPT,Salary,PAY-NVT-1046-2,5977.33
1046,2024-10-12,Promotion,11.34,79987.03,5400.00,FR_EXEMPT,Salary,PAY-NVT-1046-3,8982.54
1046,2025-08-01,Data Change,11.23,80966.55,5400.00,FR_EXEMPT,Salary,PAY-NVT-1046-4,9092.54
1047,2020-05-24,Hiring,11.81,54172.89,0.00,FR_EXEMPT,Salary,PAY-NVT-1047,6397.82
1047,2025-07-11,Data Change,15.75,72560.26,0.00,FR_EXEMPT,Salary,PAY-NVT-1047-2,11428.24
1048,2012-10-19,Hiring,13.37,28279.59,0.00,FR_EXEMPT,Salary,PAY-NVT-1048,3780.98
1048,2018-09-29,Promotion,16.76,56723.12,0.00,FR_EXEMPT,Salary,PAY-NVT-1048-2,10113.73
1048,2025-07-02,Data Change,17.83,65405.67,0.00,FR_EXEMPT,Salary,PAY-NVT-1048-3,11661.83
1049,2022-09-03,Hiring,5.71,34958.57,0.00,FR_EXEMPT,Salary,PAY-NVT-1049,1996.13
1049,2025-08-16,Promotion,6.63,51864.71,0.00,FR_EXEMPT,Salary,PAY-NVT-1049-2,3952.09
1049,2025-08-26,Data Change,7.62,51864.71,0.00,FR_EXEMPT,Salary,PAY-NVT-1049-3,3952.09
1050,2019-03-08,Hiring,8.95,58361.99,0.00,FR_EXEMPT,Salary,PAY-NVT-1050,5223.40
1050,2022-03-28,Promotion,11.21,78879.32,0.00,FR_EXEMPT,Salary,PAY-NVT-1050-2,9410.30
1050,2025-03-26,Promotion,12.05,98866.35,0.00,FR_EXEMPT,Salary,PAY-NVT-1050-3,11794.76
1050,2025-10-21,Data Change,11.93,103087.92,0.00,FR_EXEMPT,Salary,PAY-NVT-1050-4,12298.39
1051,2018-07-18,Hiring,7.94,40260.95,0.00,FR_EXEMPT,Salary,PAY-NVT-1051,3196.72
1051,2021-08-06,Promotion,9.21,54627.49,0.00,FR_EXEMPT,Salary,PAY-NVT-1051-2,5785.05
1051,2024-07-25,Promotion,9.95,71605.81,0.00,FR_EXEMPT,Salary,PAY-NVT-1051-3,7583.06
1051,2025-01-22,Data Change,10.59,71605.81,0.00,FR_EXEMPT,Salary,PAY-NVT-1051-4,7583.06
1052,2019-12-18,Hiring,8.14,45127.08,0.00,FR_EXEMPT,Salary,PAY-NVT-1052,3673.34
1052,2022-11-21,Promotion,9.44,59479.26,0.00,FR_EXEMPT,Salary,PAY-NVT-1052-2,6453.50
1052,2025-12-25,Promotion,10.20,88683.78,5400.00,FR_EXEMPT,Salary,PAY-NVT-1052-3,9622.19
1052,2026-02-18,Data Change,10.85,89123.69,5400.00,FR_EXEMPT,Salary,PAY-NVT-1052-4,9669.92
1053,2012-03-12,Hiring,12.50,47578.91,0.00,FR_EXEMPT,Salary,PAY-NVT-1053,5947.36
1053,2015-03-19,Promotion,14.49,62032.83,0.00,FR_EXEMPT,Salary,PAY-NVT-1053-2,10334.67
1053,2021-03-24,Promotion,16.83,107508.07,0.00,FR_EXEMPT,Salary,PAY-NVT-1053-3,17910.84
1053,2025-09-15,Data Change,16.66,121610.93,0.00,FR_EXEMPT,Salary,PAY-NVT-1053-4,20260.38
1054,2013-12-12,Hiring,11.45,70618.70,0.00,FR_EXEMPT,Salary,PAY-NVT-1054,8085.84
1054,2016-12-20,Promotion,15.42,87152.98,0.00,FR_EXEMPT,Salary,PAY-NVT-1054-2,13308.26
1054,2025-05-18,Data Change,15.27,88140.28,0.00,FR_EXEMPT,Salary,PAY-NVT-1054-3,13459.02
1084,2013-03-16,Hiring,12.39,67484.57,0.00,FR_EXEMPT,Salary,PAY-NVT-1084,8361.34
1055,2022-11-26,Hiring,8.04,125968.70,0.00,FR_EXEMPT,Salary,PAY-NVT-1055,10127.88
1055,2025-11-30,Data Change,10.72,151671.05,6000.00,FR_EXEMPT,Salary,PAY-NVT-1055-2,16259.14
1056,2016-12-28,Hiring,12.45,65299.96,0.00,FR_EXEMPT,Salary,PAY-NVT-1056,8129.85
1056,2019-12-24,Promotion,15.60,99210.41,5400.00,FR_EXEMPT,Salary,PAY-NVT-1056-2,16468.93
1056,2025-09-06,Data Change,16.60,123459.41,5400.00,FR_EXEMPT,Salary,PAY-NVT-1056-3,20494.26
1057,2019-09-20,Hiring,12.33,38355.04,0.00,FR_EXEMPT,Salary,PAY-NVT-1057,4729.18
1057,2022-09-10,Promotion,14.30,49990.38,0.00,FR_EXEMPT,Salary,PAY-NVT-1057-2,8218.42
1057,2025-10-17,Data Change,16.44,79345.72,6000.00,FR_EXEMPT,Salary,PAY-NVT-1057-3,13044.44
1058,2024-03-29,Hiring,7.29,52733.74,0.00,FR_EXEMPT,Commission,PAY-NVT-1058,3844.29
1058,2025-10-21,Data Change,9.72,54741.61,0.00,FR_EXEMPT,Commission,PAY-NVT-1058-2,5320.88
1059,2024-12-17,Hiring,12.96,84496.53,0.00,FR_EXEMPT,Salary,PAY-NVT-1059,10950.75
1059,2025-08-30,Data Change,17.28,84496.53,0.00,FR_EXEMPT,Salary,PAY-NVT-1059-2,14601.00
1060,2013-10-23,Hiring,10.22,36061.73,0.00,FR_EXEMPT,Salary,PAY-NVT-1060,3685.51
1060,2026-01-27,Data Change,13.63,92771.03,0.00,FR_EXEMPT,Salary,PAY-NVT-1060-2,12644.69
1061,2020-08-20,Hiring,12.50,87865.26,0.00,FR_EXEMPT,Salary,PAY-NVT-1061,10983.16
1061,2025-01-08,Data Change,16.67,90640.38,0.00,FR_EXEMPT,Salary,PAY-NVT-1061-2,15109.75
1062,2018-05-12,Hiring,11.62,37756.39,0.00,FR_EXEMPT,Salary,PAY-NVT-1062,4387.29
1062,2021-05-12,Promotion,13.48,59987.11,0.00,FR_EXEMPT,Salary,PAY-NVT-1062-2,9292.00
1062,2025-02-19,Data Change,15.49,81566.59,5400.00,FR_EXEMPT,Salary,PAY-NVT-1062-3,12634.66
1063,2025-03-31,Hiring,7.80,124382.54,0.00,FR_EXEMPT,Salary,PAY-NVT-1063,9701.84
1063,2025-09-19,Data Change,10.40,124382.54,0.00,FR_EXEMPT,Salary,PAY-NVT-1063-2,12935.78
1064,2017-07-07,Hiring,12.72,67696.44,0.00,FR_EXEMPT,Salary,PAY-NVT-1064,8610.99
1064,2025-04-30,Data Change,16.96,84392.18,0.00,FR_EXEMPT,Salary,PAY-NVT-1064-2,14312.91
1065,2013-11-26,Hiring,12.29,66271.03,0.00,FR_EXEMPT,Salary,PAY-NVT-1065,8144.71
1065,2016-11-20,Promotion,16.55,82129.40,0.00,FR_EXEMPT,Salary,PAY-NVT-1065-2,13461.01
1065,2025-04-21,Data Change,16.39,87596.81,0.00,FR_EXEMPT,Salary,PAY-NVT-1065-3,14357.12
1066,2016-01-27,Hiring,15.59,200422.84,0.00,FR_EXECUTIVE,Commission,PAY-NVT-1066,31245.92
1066,2025-04-21,Data Change,20.79,204818.88,9600.00,FR_EXECUTIVE,Commission,PAY-NVT-1066-2,42581.85
1067,2021-08-26,Hiring,7.76,54180.27,0.00,FR_EXEMPT,Salary,PAY-NVT-1067,4204.39
1067,2024-08-12,Promotion,9.73,65188.71,0.00,FR_EXEMPT,Salary,PAY-NVT-1067-2,6747.03
1067,2026-01-19,Data Change,10.35,68536.81,0.00,FR_EXEMPT,Salary,PAY-NVT-1067-3,7093.56
1068,2024-06-13,Hiring,5.99,64595.10,0.00,FR_EXEMPT,Salary,PAY-NVT-1068,3869.25
1068,2025-06-17,Data Change,7.98,65899.81,0.00,FR_EXEMPT,Salary,PAY-NVT-1068-2,5258.80
1069,2024-12-09,Hiring,2.67,46549.75,0.00,FR_NON_EXEMPT,Salary,PAY-NVT-1069,1242.88
1069,2025-08-09,Data Change,3.56,46800.60,0.00,FR_NON_EXEMPT,Salary,PAY-NVT-1069-2,1666.10
1070,2014-02-20,Hiring,12.11,34718.36,0.00,FR_EXEMPT,Salary,PAY-NVT-1070,4204.39
1070,2017-02-14,Promotion,14.05,44927.56,0.00,FR_EXEMPT,Salary,PAY-NVT-1070-2,7255.80
1070,2025-09-25,Data Change,16.15,81852.50,0.00,FR_EXEMPT,Salary,PAY-NVT-1070-3,13219.18
1071,2020-02-01,Hiring,9.38,63580.18,0.00,FR_EXEMPT,Salary,PAY-NVT-1071,5963.82
1071,2026-02-21,Promotion,12.62,103046.12,5400.00,FR_EXEMPT,Salary,PAY-NVT-1071-2,12880.76
1072,2016-07-05,Hiring,9.73,105492.73,0.00,FR_EXEMPT,Salary,PAY-NVT-1072,10264.44
1072,2019-06-21,Promotion,13.11,125140.49,4200.00,FR_EXEMPT,Salary,PAY-NVT-1072-2,16243.24
1072,2025-09-07,Data Change,12.98,128760.15,4200.00,FR_EXEMPT,Salary,PAY-NVT-1072-3,16713.07
1073,2019-03-14,Hiring,7.81,40212.29,0.00,FR_EXEMPT,Salary,PAY-NVT-1073,3140.58
1073,2022-02-26,Promotion,9.06,50537.66,0.00,FR_EXEMPT,Salary,PAY-NVT-1073-2,5260.97
1073,2025-07-18,Data Change,10.41,71025.36,5400.00,FR_EXEMPT,Salary,PAY-NVT-1073-3,7393.74
1074,2024-11-06,Hiring,1.04,34059.02,0.00,FR_NON_EXEMPT,Salary,PAY-NVT-1074,354.21
1074,2025-04-22,Data Change,1.39,36283.58,0.00,FR_NON_EXEMPT,Salary,PAY-NVT-1074-2,504.34
1075,2017-04-20,Hiring,12.48,75901.14,0.00,FR_EXEMPT,Salary,PAY-NVT-1075,9472.46
1075,2025-10-19,Data Change,16.64,113908.42,0.00,FR_EXEMPT,Salary,PAY-NVT-1075-2,18954.36
1076,2023-01-21,Hiring,11.45,41232.40,0.00,FR_EXEMPT,Salary,PAY-NVT-1076,4721.11
1076,2025-01-28,Data Change,15.26,54171.00,0.00,FR_EXEMPT,Salary,PAY-NVT-1076-2,8266.49
1077,2020-10-21,Hiring,9.72,87995.29,0.00,FR_EXEMPT,Salary,PAY-NVT-1077,8553.14
1077,2025-12-30,Data Change,12.96,88989.89,0.00,FR_EXEMPT,Salary,PAY-NVT-1077-2,11533.09
1078,2016-03-20,Hiring,10.04,35713.29,0.00,FR_EXEMPT,Salary,PAY-NVT-1078,3585.61
1078,2019-03-25,Promotion,11.65,51358.80,0.00,FR_EXEMPT,Salary,PAY-NVT-1078-2,6876.94
1078,2022-04-13,Promotion,12.59,68602.33,0.00,FR_EXEMPT,Salary,PAY-NVT-1078-3,9185.85
1078,2025-04-04,Promotion,13.52,77196.56,0.00,FR_EXEMPT,Salary,PAY-NVT-1078-4,10336.62
1078,2025-06-17,Data Change,13.39,77196.56,0.00,FR_EXEMPT,Salary,PAY-NVT-1078-5,10336.62
1079,2017-10-01,Hiring,11.50,66575.18,0.00,FR_EXEMPT,Salary,PAY-NVT-1079,7656.15
1079,2023-10-24,Promotion,15.49,116227.34,6000.00,FR_EXEMPT,Salary,PAY-NVT-1079-2,17829.27
1079,2025-12-21,Data Change,15.34,117873.63,6000.00,FR_EXEMPT,Salary,PAY-NVT-1079-3,18081.81
1080,2021-06-03,Hiring,6.01,45983.16,0.00,FR_EXEMPT,Salary,PAY-NVT-1080,2763.59
1080,2024-06-23,Promotion,6.97,64003.53,0.00,FR_EXEMPT,Salary,PAY-NVT-1080-2,5126.68
1080,2025-09-07,Data Change,8.01,64003.53,0.00,FR_EXEMPT,Salary,PAY-NVT-1080-3,5126.68
1081,2015-09-30,Hiring,13.03,30776.59,0.00,FR_EXEMPT,Salary,PAY-NVT-1081,4010.19
1081,2018-10-20,Promotion,15.11,44610.57,0.00,FR_EXEMPT,Salary,PAY-NVT-1081-2,7748.86
1081,2021-10-04,Promotion,16.33,67649.43,0.00,FR_EXEMPT,Salary,PAY-NVT-1081-3,11750.71
1081,2024-10-26,Promotion,17.54,76745.63,0.00,FR_EXEMPT,Salary,PAY-NVT-1081-4,13330.72
1081,2026-01-10,Data Change,17.37,76745.63,0.00,FR_EXEMPT,Salary,PAY-NVT-1081-5,13330.72
1082,2024-01-16,Hiring,8.72,68310.86,0.00,FR_EXEMPT,Salary,PAY-NVT-1082,5956.71
1082,2025-01-09,Data Change,11.63,76273.19,0.00,FR_EXEMPT,Salary,PAY-NVT-1082-2,8870.57
1083,2013-02-22,Hiring,9.54,35043.78,0.00,FR_EXEMPT,Salary,PAY-NVT-1083,3343.18
1083,2016-02-27,Promotion,11.07,52454.94,0.00,FR_EXEMPT,Salary,PAY-NVT-1083-2,6672.27
1083,2022-03-06,Promotion,12.85,93613.70,4800.00,FR_EXEMPT,Salary,PAY-NVT-1083-3,11907.66
1083,2025-06-30,Data Change,12.72,93613.70,4800.00,FR_EXEMPT,Salary,PAY-NVT-1083-4,11907.66
1084,2019-02-16,Promotion,16.69,106737.81,0.00,FR_EXEMPT,Salary,PAY-NVT-1084-2,17633.09
1084,2025-12-08,Data Change,16.52,111437.97,0.00,FR_EXEMPT,Salary,PAY-NVT-1084-3,18409.55
1085,2016-09-26,Hiring,10.28,46823.99,0.00,FR_EXEMPT,Salary,PAY-NVT-1085,4813.51
1085,2022-09-30,Promotion,12.89,97604.27,0.00,FR_EXEMPT,Salary,PAY-NVT-1085-2,13381.55
1085,2025-09-29,Promotion,13.85,113485.38,0.00,FR_EXEMPT,Salary,PAY-NVT-1085-3,15558.85
1085,2025-12-22,Data Change,13.71,125455.35,0.00,FR_EXEMPT,Salary,PAY-NVT-1085-4,17199.93
1086,2021-03-04,Hiring,10.15,73003.82,0.00,FR_EXEMPT,Salary,PAY-NVT-1086,7409.89
1086,2024-02-05,Promotion,13.68,93211.14,5400.00,FR_EXEMPT,Salary,PAY-NVT-1086-2,12620.79
1086,2026-02-02,Data Change,13.54,93211.14,5400.00,FR_EXEMPT,Salary,PAY-NVT-1086-3,12620.79
1087,2021-09-18,Hiring,8.24,37835.82,0.00,FR_EXEMPT,Salary,PAY-NVT-1087,3117.67
1087,2024-08-25,Promotion,9.56,46848.97,0.00,FR_EXEMPT,Salary,PAY-NVT-1087-2,5148.70
1087,2025-03-21,Data Change,10.99,46848.97,0.00,FR_EXEMPT,Salary,PAY-NVT-1087-3,5148.70
1088,2016-02-18,Hiring,10.93,78237.76,0.00,FR_EXEMPT,Salary,PAY-NVT-1088,8551.39
1088,2019-01-23,Promotion,13.70,100321.91,6000.00,FR_EXEMPT,Salary,PAY-NVT-1088-2,14616.90
1088,2022-02-01,Promotion,14.72,121646.61,6000.00,FR_EXEMPT,Salary,PAY-NVT-1088-3,17723.91
1088,2026-01-17,Data Change,14.57,121646.61,6000.00,FR_EXEMPT,Salary,PAY-NVT-1088-4,17723.91
1089,2015-03-29,Hiring,11.75,53696.55,0.00,FR_EXEMPT,Salary,PAY-NVT-1089,6309.34
1089,2018-04-12,Promotion,14.72,75734.53,0.00,FR_EXEMPT,Salary,PAY-NVT-1089-2,11860.03
1089,2025-04-24,Data Change,15.66,100004.86,0.00,FR_EXEMPT,Salary,PAY-NVT-1089-3,15660.76
1090,2023-03-18,Hiring,1.25,35618.58,0.00,FR_NON_EXEMPT,Salary,PAY-NVT-1090,445.23
1090,2025-11-23,Data Change,1.67,35618.58,0.00,FR_NON_EXEMPT,Salary,PAY-NVT-1090-2,594.83
1091,2019-03-17,Hiring,11.00,39066.83,0.00,FR_EXEMPT,Salary,PAY-NVT-1091,4297.35
1091,2022-02-26,Promotion,12.75,54252.06,0.00,FR_EXEMPT,Salary,PAY-NVT-1091-2,7953.35
1091,2025-03-23,Promotion,13.78,75843.35,0.00,FR_EXEMPT,Salary,PAY-NVT-1091-3,11118.64
1091,2025-11-21,Data Change,14.66,77656.73,0.00,FR_EXEMPT,Salary,PAY-NVT-1091-4,11384.48
1092,2024-05-27,Hiring,9.76,102200.85,0.00,FR_EXEMPT,Salary,PAY-NVT-1092,9974.80
1092,2026-01-13,Data Change,13.01,111438.63,0.00,FR_EXEMPT,Salary,PAY-NVT-1092-2,14498.17
1093,2023-02-12,Hiring,8.78,71021.86,0.00,FR_EXEMPT,Commission,PAY-NVT-1093,6235.72
1093,2026-02-06,Promotion,11.83,93172.55,0.00,FR_EXEMPT,Commission,PAY-NVT-1093-2,10910.51
1094,2013-01-11,Hiring,10.66,51670.51,0.00,FR_EXEMPT,Salary,PAY-NVT-1094,5508.08
1094,2016-01-29,Promotion,12.36,74134.47,0.00,FR_EXEMPT,Salary,PAY-NVT-1094-2,10534.51
1094,2019-02-04,Promotion,13.36,97819.85,0.00,FR_EXEMPT,Salary,PAY-NVT-1094-3,13900.20
1094,2025-12-23,Data Change,14.21,122679.28,0.00,FR_EXEMPT,Salary,PAY-NVT-1094-4,17432.73
1095,2017-10-09,Hiring,8.49,49763.79,0.00,FR_EXEMPT,Salary,PAY-NVT-1095,4224.95
1095,2020-09-14,Promotion,10.64,62326.82,6000.00,FR_EXEMPT,Salary,PAY-NVT-1095-2,7055.40
1095,2025-09-12,Data Change,11.32,85112.20,6000.00,FR_EXEMPT,Salary,PAY-NVT-1095-3,9634.70
1096,2015-04-05,Hiring,12.35,79812.69,0.00,FR_EXEMPT,Commission,PAY-NVT-1096,9856.87
1096,2025-07-21,Data Change,16.47,82390.45,4800.00,FR_EXEMPT,Commission,PAY-NVT-1096-2,13569.71
1097,2019-08-19,Hiring,8.48,81066.23,0.00,FR_EXEMPT,Salary,PAY-NVT-1097,6874.42
1097,2025-11-24,Data Change,11.30,82033.37,4800.00,FR_EXEMPT,Salary,PAY-NVT-1097-2,9269.77
1098,2015-02-14,Hiring,9.21,70923.44,0.00,FR_EXEMPT,Salary,PAY-NVT-1098,6532.05
1098,2018-02-03,Promotion,11.54,88021.40,0.00,FR_EXEMPT,Salary,PAY-NVT-1098-2,10809.03
1098,2025-12-27,Data Change,12.28,123714.14,0.00,FR_EXEMPT,Salary,PAY-NVT-1098-3,15192.10
1099,2016-04-01,Hiring,9.99,38169.58,0.00,FR_EXEMPT,Salary,PAY-NVT-1099,3813.14
1099,2019-05-01,Promotion,11.59,50827.60,0.00,FR_EXEMPT,Salary,PAY-NVT-1099-2,6770.24
1099,2025-03-04,Promotion,13.45,88953.59,0.00,FR_EXEMPT,Salary,PAY-NVT-1099-3,11848.62
1099,2025-05-03,Data Change,13.32,90630.94,0.00,FR_EXEMPT,Salary,PAY-NVT-1099-4,12072.04
1100,2025-09-29,Hiring,2.97,51049.72,0.00,FR_INTERN,Salary,PAY-NVT-1100,1516.18
1101,2012-11-10,Hiring,7.61,66156.94,0.00,FR_EXEMPT,Salary,PAY-NVT-1101,5034.54
1101,2025-07-18,Data Change,10.15,79259.60,0.00,FR_EXEMPT,Salary,PAY-NVT-1101-2,8044.85
1102,2012-04-01,Hiring,7.79,118380.77,0.00,FR_EXEMPT,Salary,PAY-NVT-1102,9221.86
1102,2025-09-26,Data Change,10.38,118380.77,0.00,FR_EXEMPT,Salary,PAY-NVT-1102-2,12287.92
1103,2016-01-08,Hiring,11.81,61337.75,0.00,FR_EXEMPT,Salary,PAY-NVT-1103,7243.99
1103,2018-12-19,Promotion,14.81,76624.46,4200.00,FR_EXEMPT,Salary,PAY-NVT-1103-2,12068.35
1103,2021-12-25,Promotion,15.91,102026.03,4200.00,FR_EXEMPT,Salary,PAY-NVT-1103-3,16069.10
1103,2025-02-15,Data Change,15.75,103884.32,4200.00,FR_EXEMPT,Salary,PAY-NVT-1103-4,16361.78
1104,2020-04-05,Hiring,7.88,36222.17,0.00,FR_EXEMPT,Salary,PAY-NVT-1104,2854.31
1104,2025-12-03,Data Change,10.50,52961.13,0.00,FR_EXEMPT,Salary,PAY-NVT-1104-2,5560.92
1105,2018-10-27,Hiring,12.23,72437.68,0.00,FR_EXEMPT,Salary,PAY-NVT-1105,8859.13
1105,2025-01-13,Data Change,16.31,94620.08,4200.00,FR_EXEMPT,Salary,PAY-NVT-1105-2,15432.54
1106,2018-06-12,Hiring,10.37,58702.31,0.00,FR_EXEMPT,Salary,PAY-NVT-1106,6087.43
1106,2021-05-17,Promotion,12.03,72969.02,0.00,FR_EXEMPT,Salary,PAY-NVT-1106-2,10091.62
1106,2024-06-19,Promotion,13.00,103300.49,4800.00,FR_EXEMPT,Salary,PAY-NVT-1106-3,14286.46
1106,2025-06-03,Data Change,13.83,105098.90,4800.00,FR_EXEMPT,Salary,PAY-NVT-1106-4,14535.18
1107,2016-07-05,Hiring,9.36,48514.33,0.00,FR_EXEMPT,Salary,PAY-NVT-1107,4540.94
1107,2022-07-14,Promotion,12.60,80798.26,6000.00,FR_EXEMPT,Salary,PAY-NVT-1107-2,10083.62
1107,2025-04-21,Data Change,12.48,86428.87,6000.00,FR_EXEMPT,Salary,PAY-NVT-1107-3,10786.32
1108,2019-03-13,Hiring,10.12,39592.50,0.00,FR_EXEMPT,Salary,PAY-NVT-1108,4006.76
1108,2022-03-25,Promotion,11.75,50745.06,0.00,FR_EXEMPT,Salary,PAY-NVT-1108-2,6850.58
1108,2025-03-19,Promotion,12.69,68261.65,0.00,FR_EXEMPT,Salary,PAY-NVT-1108-3,9215.32
1108,2025-05-21,Data Change,13.50,68261.65,0.00,FR_EXEMPT,Salary,PAY-NVT-1108-4,9215.32
1109,2024-03-22,Hiring,10.61,117959.09,0.00,FR_EXEMPT,Salary,PAY-NVT-1109,12515.46
1109,2025-10-04,Data Change,14.15,117959.09,0.00,FR_EXEMPT,Salary,PAY-NVT-1109-2,16691.21
1110,2015-03-25,Hiring,9.34,62987.77,0.00,FR_EXEMPT,Salary,PAY-NVT-1110,5883.06
1110,2025-10-06,Data Change,12.45,98827.01,0.00,FR_EXEMPT,Salary,PAY-NVT-1110-2,12303.96
1111,2012-12-29,Hiring,12.25,43839.61,0.00,FR_EXEMPT,Salary,PAY-NVT-1111,5370.35
1111,2016-01-11,Promotion,14.21,57905.86,0.00,FR_EXEMPT,Salary,PAY-NVT-1111-2,9456.03
1111,2021-12-21,Promotion,16.49,104043.63,6000.00,FR_EXEMPT,Salary,PAY-NVT-1111-3,16990.32
1111,2025-08-26,Data Change,16.33,104043.63,6000.00,FR_EXEMPT,Salary,PAY-NVT-1111-4,16990.32
1112,2017-05-02,Hiring,12.17,44809.98,0.00,FR_EXEMPT,Salary,PAY-NVT-1112,5453.37
1112,2020-04-07,Promotion,15.26,66527.24,6000.00,FR_EXEMPT,Salary,PAY-NVT-1112-2,10797.37
1112,2025-04-19,Data Change,16.23,76659.49,6000.00,FR_EXEMPT,Salary,PAY-NVT-1112-3,12441.84
1113,2021-12-08,Hiring,5.84,36148.48,0.00,FR_EXEMPT,Salary,PAY-NVT-1113,2111.07
1113,2025-01-03,Promotion,6.78,46938.65,0.00,FR_EXEMPT,Salary,PAY-NVT-1113-2,3656.52
1113,2025-03-01,Data Change,7.79,50315.38,0.00,FR_EXEMPT,Salary,PAY-NVT-1113-3,3919.57
1114,2021-01-13,Hiring,7.45,37385.82,0.00,FR_EXEMPT,Salary,PAY-NVT-1114,2785.24
1114,2025-07-11,Data Change,9.93,47135.03,0.00,FR_EXEMPT,Salary,PAY-NVT-1114-2,4680.51
1115,2020-08-21,Hiring,11.78,55532.80,0.00,FR_EXEMPT,Salary,PAY-NVT-1115,6541.76
1115,2023-09-09,Promotion,14.77,72502.32,0.00,FR_EXEMPT,Salary,PAY-NVT-1115-2,11390.11
1115,2025-08-13,Data Change,15.71,72502.32,0.00,FR_EXEMPT,Salary,PAY-NVT-1115-3,11390.11
1116,2013-03-01,Hiring,9.30,87358.56,0.00,FR_EXEMPT,Salary,PAY-NVT-1116,8124.35
1116,2025-11-02,Data Change,12.40,90629.96,4800.00,FR_EXEMPT,Salary,PAY-NVT-1116-2,11238.12
1117,2023-06-27,Hiring,1.75,49026.28,0.00,FR_NON_EXEMPT,Salary,PAY-NVT-1117,857.96
1117,2025-08-27,Data Change,2.34,49026.28,0.00,FR_NON_EXEMPT,Salary,PAY-NVT-1117-2,1147.21
1118,2014-01-14,Hiring,12.11,97148.23,0.00,FR_EXEMPT,Salary,PAY-NVT-1118,11764.65
1118,2016-12-29,Promotion,16.31,119344.49,0.00,FR_EXEMPT,Salary,PAY-NVT-1118-2,19274.14
1118,2025-03-09,Data Change,16.15,125738.29,0.00,FR_EXEMPT,Salary,PAY-NVT-1118-3,20306.73
1119,2021-11-06,Hiring,12.47,85317.02,0.00,FR_EXEMPT,Salary,PAY-NVT-1119,10639.03
1119,2026-01-26,Data Change,16.63,90218.74,0.00,FR_EXEMPT,Salary,PAY-NVT-1119-2,15003.38
1120,2013-05-24,Hiring,8.48,44738.56,0.00,FR_EXEMPT,Salary,PAY-NVT-1120,3793.83
1120,2016-05-17,Promotion,9.83,70152.26,0.00,FR_EXEMPT,Salary,PAY-NVT-1120-2,7927.21
1120,2025-11-13,Data Change,11.30,118299.05,0.00,FR_EXEMPT,Salary,PAY-NVT-1120-3,13367.79
1121,2021-12-05,Hiring,8.25,62038.46,0.00,FR_EXEMPT,Salary,PAY-NVT-1121,5118.17
1121,2024-12-07,Promotion,10.34,84875.04,4200.00,FR_EXEMPT,Salary,PAY-NVT-1121-2,9336.25
1121,2025-03-29,Data Change,11.00,84875.04,4200.00,FR_EXEMPT,Salary,PAY-NVT-1121-3,9336.25
1122,2017-05-19,Hiring,13.04,78181.34,0.00,FR_EXEMPT,Salary,PAY-NVT-1122,10194.85
1122,2025-06-26,Data Change,17.39,84502.41,0.00,FR_EXEMPT,Salary,PAY-NVT-1122-2,14694.97
1123,2023-05-24,Hiring,0.11,40403.97,0.00,FR_NON_EXEMPT,Salary,PAY-NVT-1123,44.44
1123,2025-03-25,Data Change,0.15,40403.97,0.00,FR_NON_EXEMPT,Salary,PAY-NVT-1123-2,60.61
1124,2016-07-08,Hiring,7.86,46822.77,0.00,FR_EXEMPT,Salary,PAY-NVT-1124,3680.27
1124,2022-07-26,Promotion,10.58,77934.00,6000.00,FR_EXEMPT,Salary,PAY-NVT-1124-2,8167.48
1124,2026-01-16,Data Change,10.48,79674.54,6000.00,FR_EXEMPT,Salary,PAY-NVT-1124-3,8349.89
1125,2023-06-05,Hiring,1.93,31546.25,0.00,FR_NON_EXEMPT,Salary,PAY-NVT-1125,608.84
1125,2025-10-11,Data Change,2.57,31546.25,0.00,FR_NON_EXEMPT,Salary,PAY-NVT-1125-2,810.74
1126,2019-10-12,Hiring,8.99,46743.03,0.00,FR_EXEMPT,Salary,PAY-NVT-1126,4202.20
1126,2025-10-28,Data Change,11.99,84900.30,0.00,FR_EXEMPT,Salary,PAY-NVT-1126-2,10179.55
1127,2013-03-26,Hiring,12.77,42800.23,0.00,FR_EXEMPT,Salary,PAY-NVT-1127,5465.59
1127,2016-03-13,Promotion,14.82,63198.54,0.00,FR_EXEMPT,Salary,PAY-NVT-1127-2,10762.71
1127,2019-03-30,Promotion,16.01,79288.17,4200.00,FR_EXEMPT,Salary,PAY-NVT-1127-3,13502.78
1127,2022-03-20,Promotion,17.20,108358.76,4200.00,FR_EXEMPT,Salary,PAY-NVT-1127-4,18453.50
1127,2025-12-26,Data Change,17.03,112290.75,4200.00,FR_EXEMPT,Salary,PAY-NVT-1127-5,19123.11
1128,2022-07-26,Hiring,24.93,201471.27,0.00,FR_EXECUTIVE,Salary,PAY-NVT-1128,50226.79
1128,2025-12-12,Data Change,33.24,201471.27,9600.00,FR_EXECUTIVE,Salary,PAY-NVT-1128-2,66969.05
1129,2013-03-31,Hiring,10.92,33526.77,0.00,FR_EXEMPT,Salary,PAY-NVT-1129,3661.12
1129,2019-03-23,Promotion,13.69,64699.69,0.00,FR_EXEMPT,Salary,PAY-NVT-1129-2,9420.27
1129,2022-04-20,Promotion,14.71,75194.09,0.00,FR_EXEMPT,Salary,PAY-NVT-1129-3,10948.26
1129,2025-03-27,Data Change,14.56,76536.04,0.00,FR_EXEMPT,Salary,PAY-NVT-1129-4,11143.65
1130,2020-08-09,Hiring,4.26,34128.46,0.00,FR_EXEMPT,Salary,PAY-NVT-1130,1453.87
1130,2023-07-20,Promotion,4.94,54534.82,0.00,FR_EXEMPT,Salary,PAY-NVT-1130-2,3097.58
1130,2025-09-13,Data Change,5.68,54534.82,0.00,FR_EXEMPT,Salary,PAY-NVT-1130-3,3097.58
1131,2017-12-08,Hiring,7.77,53600.58,0.00,FR_EXEMPT,Salary,PAY-NVT-1131,4164.77
1131,2020-11-18,Promotion,9.74,66912.05,5400.00,FR_EXEMPT,Salary,PAY-NVT-1131-2,6932.09
1131,2025-02-17,Data Change,10.36,90114.94,5400.00,FR_EXEMPT,Salary,PAY-NVT-1131-3,9335.91
1132,2018-04-15,Hiring,12.55,40652.40,0.00,FR_EXEMPT,Salary,PAY-NVT-1132,5101.88
1132,2025-12-13,Data Change,16.74,76535.56,0.00,FR_EXEMPT,Salary,PAY-NVT-1132-2,12812.05
1133,2019-06-15,Hiring,13.38,96287.29,0.00,FR_EXEMPT,Salary,PAY-NVT-1133,12883.24
1133,2022-05-26,Promotion,16.77,118671.42,0.00,FR_EXEMPT,Salary,PAY-NVT-1133-2,21170.98
1133,2025-05-31,Promotion,18.02,147235.51,0.00,FR_EXEMPT,Salary,PAY-NVT-1133-3,26266.81
1133,2025-08-22,Data Change,17.84,147235.51,0.00,FR_EXEMPT,Salary,PAY-NVT-1133-4,26266.81
1134,2025-09-24,Hiring,6.79,50884.78,0.00,FR_EXEMPT,Salary,PAY-NVT-1134,3455.08
1135,2012-02-18,Hiring,7.69,51060.03,0.00,FR_EXEMPT,Salary,PAY-NVT-1135,3926.52
1135,2015-01-22,Promotion,9.63,63215.32,0.00,FR_EXEMPT,Salary,PAY-NVT-1135-2,6479.57
1135,2025-05-08,Data Change,10.25,77956.47,0.00,FR_EXEMPT,Salary,PAY-NVT-1135-3,7990.54
1136,2017-02-03,Hiring,12.59,49801.24,0.00,FR_EXEMPT,Salary,PAY-NVT-1136,6269.98
1136,2023-03-01,Promotion,15.78,97885.58,0.00,FR_EXEMPT,Salary,PAY-NVT-1136-2,16434.99
1136,2025-05-04,Data Change,16.79,132028.90,0.00,FR_EXEMPT,Salary,PAY-NVT-1136-3,22167.65
1137,2014-04-14,Hiring,10.78,53949.05,0.00,FR_EXEMPT,Salary,PAY-NVT-1137,5815.71
1137,2017-04-14,Promotion,13.51,74592.17,0.00,FR_EXEMPT,Salary,PAY-NVT-1137-2,10718.89
1137,2020-05-07,Promotion,14.51,91790.15,0.00,FR_EXEMPT,Salary,PAY-NVT-1137-3,13190.24
1137,2025-06-05,Data Change,14.37,94463.52,0.00,FR_EXEMPT,Salary,PAY-NVT-1137-4,13574.41
1138,2013-10-27,Hiring,8.85,63109.07,0.00,FR_EXEMPT,Salary,PAY-NVT-1138,5585.15
1138,2025-03-26,Data Change,11.80,75231.99,0.00,FR_EXEMPT,Salary,PAY-NVT-1138-2,8877.37
1139,2016-08-19,Hiring,11.83,36068.15,0.00,FR_EXEMPT,Salary,PAY-NVT-1139,4266.86
1139,2019-09-01,Promotion,13.72,48719.34,0.00,FR_EXEMPT,Salary,PAY-NVT-1139-2,7683.04
1139,2022-08-26,Promotion,14.82,59456.77,0.00,FR_EXEMPT,Salary,PAY-NVT-1139-3,9376.33
1139,2025-07-28,Promotion,15.93,78660.52,0.00,FR_EXEMPT,Salary,PAY-NVT-1139-4,12404.76
1139,2026-01-29,Data Change,15.77,78660.52,0.00,FR_EXEMPT,Salary,PAY-NVT-1139-5,12404.76
1140,2015-08-01,Hiring,9.23,62704.85,0.00,FR_EXEMPT,Salary,PAY-NVT-1140,5787.66
1140,2018-07-28,Promotion,11.56,84809.16,0.00,FR_EXEMPT,Salary,PAY-NVT-1140-2,10431.53
1140,2021-07-13,Promotion,12.42,112605.79,0.00,FR_EXEMPT,Salary,PAY-NVT-1140-3,13850.51
1140,2025-05-14,Data Change,12.30,112605.79,0.00,FR_EXEMPT,Salary,PAY-NVT-1140-4,13850.51
1141,2023-09-11,Hiring,1.02,36782.43,0.00,FR_NON_EXEMPT,Salary,PAY-NVT-1141,375.18
1141,2026-01-16,Data Change,1.36,36782.43,0.00,FR_NON_EXEMPT,Salary,PAY-NVT-1141-2,500.24
1142,2020-04-23,Hiring,15.59,188817.01,0.00,FR_EXECUTIVE,Salary,PAY-NVT-1142,29436.57
1142,2025-09-30,Data Change,20.79,188817.01,9600.00,FR_EXECUTIVE,Salary,PAY-NVT-1142-2,39255.06
1143,2013-07-27,Hiring,13.11,52901.43,0.00,FR_EXEMPT,Salary,PAY-NVT-1143,6935.38
1143,2016-08-04,Promotion,16.43,68486.05,0.00,FR_EXEMPT,Salary,PAY-NVT-1143-2,11971.36
1143,2019-08-26,Promotion,17.65,87278.57,0.00,FR_EXEMPT,Salary,PAY-NVT-1143-3,15256.29
1143,2025-02-16,Data Change,17.48,95406.66,0.00,FR_EXEMPT,Salary,PAY-NVT-1143-4,16677.08
1144,2016-09-15,Hiring,10.71,50518.93,0.00,FR_EXEMPT,Salary,PAY-NVT-1144,5410.58
1144,2019-08-18,Promotion,12.42,72782.48,0.00,FR_EXEMPT,Salary,PAY-NVT-1144-2,10393.34
1144,2022-10-15,Promotion,13.42,90743.41,0.00,FR_EXEMPT,Salary,PAY-NVT-1144-3,12958.16
1144,2025-03-09,Data Change,14.28,114987.99,0.00,FR_EXEMPT,Salary,PAY-NVT-1144-4,16420.28
1145,2017-09-03,Hiring,12.52,90516.48,0.00,FR_EXEMPT,Salary,PAY-NVT-1145,11332.66
1145,2026-02-03,Data Change,16.69,129411.40,0.00,FR_EXEMPT,Salary,PAY-NVT-1145-2,21598.76
1146,2016-06-15,Hiring,13.39,55000.29,0.00,FR_EXEMPT,Salary,PAY-NVT-1146,7364.54
1146,2019-05-24,Promotion,16.79,72421.86,0.00,FR_EXEMPT,Salary,PAY-NVT-1146-2,12934.54
1146,2025-03-06,Data Change,17.86,96913.41,0.00,FR_EXEMPT,Salary,PAY-NVT-1146-3,17308.74
1147,2019-07-08,Hiring,9.49,51953.05,0.00,FR_EXEMPT,Salary,PAY-NVT-1147,4930.34
1147,2022-07-12,Promotion,11.89,63790.11,0.00,FR_EXEMPT,Salary,PAY-NVT-1147-2,8069.45
1147,2025-07-23,Promotion,12.78,79392.17,0.00,FR_EXEMPT,Salary,PAY-NVT-1147-3,10043.11
1147,2025-09-14,Data Change,12.65,79392.17,0.00,FR_EXEMPT,Salary,PAY-NVT-1147-4,10043.11
1148,2012-03-01,Hiring,12.88,39894.70,0.00,FR_EXEMPT,Salary,PAY-NVT-1148,5138.44
1148,2015-03-12,Promotion,14.95,55702.97,0.00,FR_EXEMPT,Salary,PAY-NVT-1148-2,9569.77
1148,2021-02-05,Promotion,17.35,82075.04,0.00,FR_EXEMPT,Salary,PAY-NVT-1148-3,14100.49
1148,2025-03-12,Data Change,17.18,84002.10,0.00,FR_EXEMPT,Salary,PAY-NVT-1148-4,14431.56
1149,2023-10-03,Hiring,1.44,33514.42,0.00,FR_NON_EXEMPT,Salary,PAY-NVT-1149,482.61
1149,2025-07-25,Data Change,1.92,38196.56,0.00,FR_NON_EXEMPT,Salary,PAY-NVT-1149-2,733.37
1150,2012-08-11,Hiring,8.21,33793.11,0.00,FR_EXEMPT,Salary,PAY-NVT-1150,2774.41
1150,2015-07-29,Promotion,9.53,49080.54,0.00,FR_EXEMPT,Salary,PAY-NVT-1150-2,5374.32
1150,2018-07-25,Promotion,10.29,67355.92,0.00,FR_EXEMPT,Salary,PAY-NVT-1150-3,7375.47
1150,2025-02-09,Data Change,10.95,88320.93,0.00,FR_EXEMPT,Salary,PAY-NVT-1150-4,9671.14
1151,2021-05-26,Hiring,9.71,65400.04,0.00,FR_EXEMPT,Salary,PAY-NVT-1151,6350.34
1151,2024-05-12,Promotion,12.16,78630.58,4800.00,FR_EXEMPT,Salary,PAY-NVT-1151-2,10174.80
1151,2025-08-30,Data Change,12.94,84917.65,4800.00,FR_EXEMPT,Salary,PAY-NVT-1151-3,10988.34
1152,2014-03-02,Hiring,11.48,85648.77,0.00,FR_EXEMPT,Salary,PAY-NVT-1152,9832.48
1152,2025-06-04,Data Change,15.31,85648.77,0.00,FR_EXEMPT,Salary,PAY-NVT-1152-2,13112.83
1153,2018-03-15,Hiring,8.18,81603.74,0.00,FR_EXEMPT,Salary,PAY-NVT-1153,6675.19
1153,2025-04-08,Data Change,10.90,94142.39,0.00,FR_EXEMPT,Salary,PAY-NVT-1153-2,10261.52
1154,2015-07-29,Hiring,11.00,36432.74,0.00,FR_EXEMPT,Salary,PAY-NVT-1154,4007.60
1154,2024-07-31,Promotion,14.82,81379.53,0.00,FR_EXEMPT,Salary,PAY-NVT-1154-2,11938.38
1154,2025-11-04,Data Change,14.67,81379.53,0.00,FR_EXEMPT,Salary,PAY-NVT-1154-3,11938.38
1155,2023-05-07,Hiring,11.54,74407.49,0.00,FR_EXEMPT,Salary,PAY-NVT-1155,8586.62
1155,2025-10-29,Data Change,15.38,74460.33,0.00,FR_EXEMPT,Salary,PAY-NVT-1155-2,11452.00
1156,2025-04-09,Hiring,3.73,65724.85,0.00,FR_NON_EXEMPT,Salary,PAY-NVT-1156,2451.54
1156,2025-05-27,Data Change,4.97,68476.38,0.00,FR_NON_EXEMPT,Salary,PAY-NVT-1156-2,3403.28
1157,2022-07-23,Hiring,11.87,99640.80,0.00,FR_EXEMPT,Salary,PAY-NVT-1157,11827.36
1157,2025-06-18,Data Change,15.83,99640.80,0.00,FR_EXEMPT,Salary,PAY-NVT-1157-2,15773.14
1158,2014-10-06,Hiring,9.58,40859.79,0.00,FR_EXEMPT,Salary,PAY-NVT-1158,3914.37
1158,2017-09-20,Promotion,11.12,56072.39,0.00,FR_EXEMPT,Salary,PAY-NVT-1158-2,7166.05
1158,2020-10-22,Promotion,12.01,75995.23,0.00,FR_EXEMPT,Salary,PAY-NVT-1158-3,9712.19
1158,2026-01-18,Data Change,12.78,92506.19,0.00,FR_EXEMPT,Salary,PAY-NVT-1158-4,11822.29
1159,2012-06-03,Hiring,10.27,65726.50,0.00,FR_EXEMPT,Salary,PAY-NVT-1159,6750.11
1159,2018-07-03,Promotion,13.84,101286.66,0.00,FR_EXEMPT,Salary,PAY-NVT-1159-2,13876.27
1159,2025-05-12,Data Change,13.70,108765.84,0.00,FR_EXEMPT,Salary,PAY-NVT-1159-3,14900.92
1160,2017-08-26,Hiring,12.36,37831.93,0.00,FR_EXEMPT,Salary,PAY-NVT-1160,4676.03
1160,2020-09-19,Promotion,14.34,54081.56,0.00,FR_EXEMPT,Salary,PAY-NVT-1160-2,8912.64
1160,2025-06-02,Data Change,16.48,76124.95,0.00,FR_EXEMPT,Salary,PAY-NVT-1160-3,12545.39
1161,2024-07-03,Hiring,11.54,65405.87,0.00,FR_EXEMPT,Salary,PAY-NVT-1161,7547.84
1161,2025-07-21,Data Change,15.38,66766.73,0.00,FR_EXEMPT,Salary,PAY-NVT-1161-2,10268.72
1162,2014-09-16,Hiring,9.23,50027.27,0.00,FR_EXEMPT,Salary,PAY-NVT-1162,4617.52
1162,2017-08-27,Promotion,10.71,74049.77,0.00,FR_EXEMPT,Salary,PAY-NVT-1162-2,9115.53
1162,2020-09-27,Promotion,11.57,90272.98,0.00,FR_EXEMPT,Salary,PAY-NVT-1162-3,11112.60
1162,2023-09-03,Promotion,12.43,114424.06,0.00,FR_EXEMPT,Salary,PAY-NVT-1162-4,14085.60
1162,2025-08-10,Data Change,12.31,114424.06,0.00,FR_EXEMPT,Salary,PAY-NVT-1162-5,14085.60
1163,2012-08-28,Hiring,9.98,36107.11,0.00,FR_EXEMPT,Salary,PAY-NVT-1163,3603.49
1163,2015-08-31,Promotion,11.58,50673.11,0.00,FR_EXEMPT,Salary,PAY-NVT-1163-2,6744.59
1163,2025-10-10,Data Change,13.31,87575.79,4800.00,FR_EXEMPT,Salary,PAY-NVT-1163-3,11656.34
1164,2015-05-25,Hiring,10.00,42298.63,0.00,FR_EXEMPT,Salary,PAY-NVT-1164,4229.86
1164,2018-06-01,Promotion,12.53,60637.20,0.00,FR_EXEMPT,Salary,PAY-NVT-1164-2,8082.94
1164,2025-05-27,Data Change,13.33,72800.89,0.00,FR_EXEMPT,Salary,PAY-NVT-1164-3,9704.36
1165,2017-03-11,Hiring,10.27,70125.44,0.00,FR_EXEMPT,Salary,PAY-NVT-1165,7201.88
1165,2020-04-09,Promotion,13.84,89113.31,0.00,FR_EXEMPT,Salary,PAY-NVT-1165-2,12208.52
1165,2026-01-07,Data Change,13.70,96605.13,0.00,FR_EXEMPT,Salary,PAY-NVT-1165-3,13234.90
1166,2012-05-27,Hiring,12.59,48719.14,0.00,FR_EXEMPT,Salary,PAY-NVT-1166,6133.74
1166,2015-05-18,Promotion,14.60,67874.65,0.00,FR_EXEMPT,Salary,PAY-NVT-1166-2,11389.37
1166,2025-07-24,Data Change,16.78,117361.96,4800.00,FR_EXEMPT,Salary,PAY-NVT-1166-3,19693.34
1167,2018-10-11,Hiring,10.85,42700.07,0.00,FR_EXEMPT,Salary,PAY-NVT-1167,4632.96
1167,2021-10-25,Promotion,13.60,57689.70,0.00,FR_EXEMPT,Salary,PAY-NVT-1167-2,8347.70
1167,2024-10-11,Promotion,14.61,70491.35,0.00,FR_EXEMPT,Salary,PAY-NVT-1167-3,10200.10
1167,2026-01-23,Data Change,14.47,70491.35,0.00,FR_EXEMPT,Salary,PAY-NVT-1167-4,10200.10
1168,2013-03-07,Hiring,11.68,38088.78,0.00,FR_EXEMPT,Salary,PAY-NVT-1168,4448.77
1168,2016-03-06,Promotion,13.55,52896.52,0.00,FR_EXEMPT,Salary,PAY-NVT-1168-2,8235.99
1168,2022-02-21,Promotion,15.73,84919.72,0.00,FR_EXEMPT,Salary,PAY-NVT-1168-3,13222.00
1168,2025-10-15,Data Change,15.57,84919.72,0.00,FR_EXEMPT,Salary,PAY-NVT-1168-4,13222.00
1169,2022-11-30,Hiring,6.36,43077.16,0.00,FR_EXEMPT,Salary,PAY-NVT-1169,2739.71
1169,2025-11-22,Data Change,8.48,59543.71,0.00,FR_EXEMPT,Salary,PAY-NVT-1169-2,5049.31
1170,2023-07-24,Hiring,4.91,66785.44,0.00,FR_EXEMPT,Salary,PAY-NVT-1170,3279.17
1170,2025-08-17,Data Change,6.55,66785.44,0.00,FR_EXEMPT,Salary,PAY-NVT-1170-2,4374.45
1171,2012-06-20,Hiring,10.92,93831.75,0.00,FR_EXEMPT,Salary,PAY-NVT-1171,10246.43
1171,2025-07-21,Data Change,14.56,93831.75,5400.00,FR_EXEMPT,Salary,PAY-NVT-1171-2,13661.90
1172,2015-01-14,Hiring,8.34,86178.81,0.00,FR_EXEMPT,Salary,PAY-NVT-1172,7187.31
1172,2025-03-08,Data Change,11.12,90867.75,0.00,FR_EXEMPT,Salary,PAY-NVT-1172-2,10104.49
1173,2012-08-25,Hiring,7.79,81159.16,0.00,FR_EXEMPT,Salary,PAY-NVT-1173,6322.30
1173,2025-11-29,Data Change,10.39,92159.81,4800.00,FR_EXEMPT,Salary,PAY-NVT-1173-2,9575.40
1174,2019-05-24,Hiring,13.10,68903.46,0.00,FR_EXEMPT,Salary,PAY-NVT-1174,9026.35
1174,2025-06-23,Promotion,17.64,110738.64,0.00,FR_EXEMPT,Salary,PAY-NVT-1174-2,19346.04
1174,2025-07-27,Data Change,17.47,110738.64,0.00,FR_EXEMPT,Salary,PAY-NVT-1174-3,19346.04
1175,2025-05-18,Hiring,3.84,51328.58,0.00,FR_EXEMPT,Salary,PAY-NVT-1175,1971.02
1175,2025-07-30,Data Change,5.12,51328.58,0.00,FR_EXEMPT,Salary,PAY-NVT-1175-2,2628.02
1176,2022-04-24,Hiring,10.66,70617.04,0.00,FR_EXEMPT,Salary,PAY-NVT-1176,7527.78
1176,2025-04-10,Promotion,14.35,87477.80,0.00,FR_EXEMPT,Salary,PAY-NVT-1176-2,12430.60
1176,2025-06-22,Data Change,14.21,87477.80,0.00,FR_EXEMPT,Salary,PAY-NVT-1176-3,12430.60
1177,2018-07-21,Hiring,7.98,34515.65,0.00,FR_EXEMPT,Salary,PAY-NVT-1177,2754.35
1177,2021-06-30,Promotion,9.26,45879.76,0.00,FR_EXEMPT,Salary,PAY-NVT-1177-2,4881.61
1177,2024-06-26,Promotion,10.00,62492.74,0.00,FR_EXEMPT,Salary,PAY-NVT-1177-3,6649.23
1177,2025-11-21,Data Change,10.64,63033.97,0.00,FR_EXEMPT,Salary,PAY-NVT-1177-4,6706.81
1178,2016-05-01,Hiring,11.37,37740.46,0.00,FR_EXEMPT,Salary,PAY-NVT-1178,4291.09
1178,2022-04-03,Promotion,14.25,73584.57,4200.00,FR_EXEMPT,Salary,PAY-NVT-1178-2,11155.42
1178,2025-04-21,Promotion,15.31,89449.73,4200.00,FR_EXEMPT,Salary,PAY-NVT-1178-3,13560.58
1178,2025-06-11,Data Change,15.16,89449.73,4200.00,FR_EXEMPT,Salary,PAY-NVT-1178-4,13560.58
1179,2019-06-02,Hiring,12.89,74170.73,0.00,FR_EXEMPT,Salary,PAY-NVT-1179,9560.61
1179,2025-06-20,Promotion,16.16,114729.86,0.00,FR_EXEMPT,Salary,PAY-NVT-1179-2,19722.06
1179,2025-12-02,Data Change,17.19,114729.86,0.00,FR_EXEMPT,Salary,PAY-NVT-1179-3,19722.06
1180,2025-09-20,Hiring,0.61,51742.42,0.00,FR_NON_EXEMPT,Salary,PAY-NVT-1180,315.63
1181,2019-05-03,Hiring,10.51,47443.61,0.00,FR_EXEMPT,Salary,PAY-NVT-1181,4986.32
1181,2025-05-07,Promotion,13.17,88990.19,0.00,FR_EXEMPT,Salary,PAY-NVT-1181-2,12467.53
1181,2025-11-29,Data Change,14.01,99146.31,0.00,FR_EXEMPT,Salary,PAY-NVT-1181-3,13890.40
1182,2017-08-13,Hiring,11.30,79372.60,0.00,FR_EXEMPT,Salary,PAY-NVT-1182,8969.10
1182,2025-04-16,Data Change,15.07,108696.19,0.00,FR_EXEMPT,Salary,PAY-NVT-1182-2,16380.52
1183,2023-04-15,Hiring,7.00,88547.73,0.00,FR_EXEMPT,Salary,PAY-NVT-1183,6198.34
1183,2025-05-06,Data Change,9.33,96114.44,0.00,FR_EXEMPT,Salary,PAY-NVT-1183-2,8967.48
1184,2017-02-09,Hiring,8.05,39219.92,0.00,FR_EXEMPT,Salary,PAY-NVT-1184,3157.20
1184,2020-02-22,Promotion,9.34,57032.63,0.00,FR_EXEMPT,Salary,PAY-NVT-1184-2,6119.60
1184,2023-01-30,Promotion,10.09,70724.27,0.00,FR_EXEMPT,Salary,PAY-NVT-1184-3,7588.71
1184,2025-11-29,Data Change,10.73,90578.33,0.00,FR_EXEMPT,Salary,PAY-NVT-1184-4,9719.05
1185,2023-05-06,Hiring,9.95,82703.41,0.00,FR_EXEMPT,Salary,PAY-NVT-1185,8228.99
1185,2025-09-02,Data Change,13.26,82703.41,5400.00,FR_EXEMPT,Salary,PAY-NVT-1185-2,10966.47
1186,2018-11-05,Hiring,13.46,82028.06,0.00,FR_EXEMPT,Salary,PAY-NVT-1186,11040.98
1186,2021-10-17,Promotion,18.12,104692.24,4800.00,FR_EXEMPT,Salary,PAY-NVT-1186-2,18781.79
1186,2025-05-15,Data Change,17.94,105210.77,4800.00,FR_EXEMPT,Salary,PAY-NVT-1186-3,18874.81
1187,2014-03-01,Hiring,12.20,40822.54,0.00,FR_EXEMPT,Salary,PAY-NVT-1187,4980.35
1187,2017-03-25,Promotion,14.15,61537.12,0.00,FR_EXEMPT,Salary,PAY-NVT-1187-2,10005.94
1187,2020-03-07,Promotion,15.28,76345.11,0.00,FR_EXEMPT,Salary,PAY-NVT-1187-3,12413.71
1187,2023-02-13,Promotion,16.42,92988.93,0.00,FR_EXEMPT,Salary,PAY-NVT-1187-4,15120.00
1187,2025-01-09,Data Change,16.26,92988.93,0.00,FR_EXEMPT,Salary,PAY-NVT-1187-5,15120.00
1188,2023-04-24,Hiring,8.73,54241.63,0.00,FR_EXEMPT,Salary,PAY-NVT-1188,4735.29
1188,2025-11-25,Data Change,11.64,54241.63,0.00,FR_EXEMPT,Salary,PAY-NVT-1188-2,6313.73
1189,2024-09-22,Hiring,9.30,75332.54,0.00,FR_EXEMPT,Salary,PAY-NVT-1189,7005.93
1189,2025-03-09,Data Change,12.40,75922.14,0.00,FR_EXEMPT,Salary,PAY-NVT-1189-2,9414.35
1190,2021-09-06,Hiring,5.72,31810.00,0.00,FR_EXEMPT,Salary,PAY-NVT-1190,1819.53
1190,2025-04-24,Data Change,7.63,48206.72,0.00,FR_EXEMPT,Salary,PAY-NVT-1190-2,3678.17
1191,2021-04-27,Hiring,8.70,34049.73,0.00,FR_EXEMPT,Salary,PAY-NVT-1191,2962.33
1191,2024-04-05,Promotion,10.09,44540.75,0.00,FR_EXEMPT,Salary,PAY-NVT-1191-2,5166.73
1191,2025-08-29,Data Change,11.60,44540.75,0.00,FR_EXEMPT,Salary,PAY-NVT-1191-3,5166.73
1192,2016-11-17,Hiring,11.30,121988.10,0.00,FR_EXEMPT,Salary,PAY-NVT-1192,13784.66
1192,2026-01-04,Data Change,15.07,148091.97,4800.00,FR_EXEMPT,Salary,PAY-NVT-1192-2,22317.46
1193,2025-05-14,Hiring,2.04,36966.21,0.00,FR_NON_EXEMPT,Salary,PAY-NVT-1193,754.11
1193,2025-07-17,Data Change,2.72,38118.78,0.00,FR_NON_EXEMPT,Salary,PAY-NVT-1193-2,1036.83
1194,2023-02-20,Hiring,11.18,86606.16,0.00,FR_EXEMPT,Salary,PAY-NVT-1194,9682.57
1194,2026-03-06,Promotion,15.05,117651.57,0.00,FR_EXEMPT,Salary,PAY-NVT-1194-2,17530.08
1195,2019-07-08,Hiring,10.57,121091.97,0.00,FR_EXEMPT,Salary,PAY-NVT-1195,12799.42
1195,2025-08-29,Data Change,14.09,121091.97,4800.00,FR_EXEMPT,Salary,PAY-NVT-1195-2,17061.86
1196,2015-08-20,Hiring,13.27,100800.13,0.00,FR_EXEMPT,Salary,PAY-NVT-1196,13376.18
1196,2025-11-25,Data Change,17.69,122802.80,4800.00,FR_EXEMPT,Salary,PAY-NVT-1196-2,21723.82
1197,2025-07-03,Hiring,7.90,82745.44,0.00,FR_EXEMPT,Salary,PAY-NVT-1197,6536.89
1198,2013-06-10,Hiring,10.06,48816.93,0.00,FR_EXEMPT,Salary,PAY-NVT-1198,4910.98
1198,2016-06-06,Promotion,11.67,76352.54,0.00,FR_EXEMPT,Salary,PAY-NVT-1198-2,10238.88
1198,2025-01-12,Data Change,13.41,130944.77,6000.00,FR_EXEMPT,Salary,PAY-NVT-1198-3,17559.69
1199,2023-04-18,Hiring,7.45,52864.27,0.00,FR_EXEMPT,Commission,PAY-NVT-1199,3938.39
1199,2025-08-28,Data Change,9.93,54393.18,0.00,FR_EXEMPT,Commission,PAY-NVT-1199-2,5401.24
1200,2025-12-03,Hiring,8.69,91056.38,0.00,FR_EXEMPT,Salary,PAY-NVT-1200,7912.80
1201,2017-04-12,Hiring,8.54,64218.89,0.00,FR_EXEMPT,Salary,PAY-NVT-1201,5484.29
1201,2023-04-29,Promotion,11.49,105762.01,0.00,FR_EXEMPT,Salary,PAY-NVT-1201-2,12035.72
1201,2025-07-11,Data Change,11.38,105762.01,0.00,FR_EXEMPT,Salary,PAY-NVT-1201-3,12035.72
1202,2014-07-04,Hiring,9.74,67949.57,0.00,FR_EXEMPT,Salary,PAY-NVT-1202,6618.29
1202,2025-07-12,Data Change,12.99,86706.02,0.00,FR_EXEMPT,Salary,PAY-NVT-1202-2,11263.11
1203,2016-03-01,Hiring,11.37,55051.52,0.00,FR_EXEMPT,Salary,PAY-NVT-1203,6259.36
1203,2019-03-10,Promotion,14.25,69823.26,0.00,FR_EXEMPT,Salary,PAY-NVT-1203-2,10585.21
1203,2025-01-22,Data Change,15.16,91707.32,0.00,FR_EXEMPT,Salary,PAY-NVT-1203-3,13902.83
1204,2025-01-27,Hiring,0.73,45900.88,0.00,FR_NON_EXEMPT,Salary,PAY-NVT-1204,335.08
1204,2025-03-18,Data Change,0.98,48909.86,0.00,FR_NON_EXEMPT,Salary,PAY-NVT-1204-2,479.32
1205,2019-01-19,Hiring,8.00,52317.10,0.00,FR_EXEMPT,Salary,PAY-NVT-1205,4185.37
1205,2022-01-06,Promotion,10.02,73397.33,0.00,FR_EXEMPT,Salary,PAY-NVT-1205-2,7824.16
1205,2025-09-20,Data Change,10.66,90092.30,0.00,FR_EXEMPT,Salary,PAY-NVT-1205-3,9603.84
1206,2023-11-05,Hiring,1.86,36330.88,0.00,FR_NON_EXEMPT,Salary,PAY-NVT-1206,675.75
1206,2025-11-22,Data Change,2.48,36330.88,0.00,FR_NON_EXEMPT,Salary,PAY-NVT-1206-2,901.01
1207,2018-10-19,Hiring,13.44,43279.05,0.00,FR_EXEMPT,Commission,PAY-NVT-1207,5816.70
1207,2021-11-12,Promotion,15.59,63071.86,0.00,FR_EXEMPT,Commission,PAY-NVT-1207-2,11302.48
1207,2025-12-15,Data Change,17.92,83843.97,4800.00,FR_EXEMPT,Commission,PAY-NVT-1207-3,15024.84
1208,2023-02-28,Hiring,4.85,48008.56,0.00,FR_EXEMPT,Salary,PAY-NVT-1208,2328.42
1208,2025-12-02,Data Change,6.47,63127.15,0.00,FR_EXEMPT,Salary,PAY-NVT-1208-2,4084.33
1209,2025-02-05,Hiring,9.61,69763.36,0.00,FR_EXEMPT,Commission,PAY-NVT-1209,6704.26
1209,2025-11-05,Data Change,12.81,71299.57,4800.00,FR_EXEMPT,Commission,PAY-NVT-1209-2,9133.47
1210,2019-03-26,Hiring,12.00,37959.30,0.00,FR_EXEMPT,Salary,PAY-NVT-1210,4555.12
1210,2022-03-21,Promotion,13.92,51911.93,0.00,FR_EXEMPT,Salary,PAY-NVT-1210-2,8305.91
1210,2025-03-31,Data Change,16.00,77056.45,0.00,FR_EXEMPT,Salary,PAY-NVT-1210-3,12329.03
1211,2025-09-05,Hiring,2.86,41183.81,0.00,FR_NON_EXEMPT,Salary,PAY-NVT-1211,1177.86
1212,2012-11-08,Hiring,9.92,49495.61,0.00,FR_EXEMPT,Commission,PAY-NVT-1212,4909.96
1212,2015-10-23,Promotion,12.43,65911.76,0.00,FR_EXEMPT,Commission,PAY-NVT-1212-2,8713.53
1212,2018-11-18,Promotion,13.35,83212.34,0.00,FR_EXEMPT,Commission,PAY-NVT-1212-3,11000.67
1212,2025-03-31,Data Change,13.22,85381.99,0.00,FR_EXEMPT,Commission,PAY-NVT-1212-4,11287.50
1213,2019-10-07,Hiring,11.89,63607.01,0.00,FR_EXEMPT,Salary,PAY-NVT-1213,7562.87
1213,2022-09-29,Promotion,14.90,80161.89,5400.00,FR_EXEMPT,Salary,PAY-NVT-1213-2,12705.66
1213,2025-10-07,Promotion,16.01,101063.08,5400.00,FR_EXEMPT,Salary,PAY-NVT-1213-3,16018.50
1213,2025-11-07,Data Change,15.85,109029.79,5400.00,FR_EXEMPT,Salary,PAY-NVT-1213-4,17281.22
1214,2023-05-11,Hiring,0.49,34909.31,0.00,FR_NON_EXEMPT,Salary,PAY-NVT-1214,171.06
1214,2025-08-08,Data Change,0.65,34909.31,0.00,FR_NON_EXEMPT,Salary,PAY-NVT-1214-2,226.91
1215,2019-07-13,Hiring,13.08,95092.50,0.00,FR_EXEMPT,Salary,PAY-NVT-1215,12438.10
1215,2025-12-29,Data Change,17.44,136127.98,6000.00,FR_EXEMPT,Salary,PAY-NVT-1215-2,23740.72
1216,2021-04-27,Hiring,4.24,44214.38,0.00,FR_EXEMPT,Salary,PAY-NVT-1216,1874.69
1216,2024-05-14,Promotion,4.92,59732.98,0.00,FR_EXEMPT,Salary,PAY-NVT-1216-2,3374.91
1216,2025-06-08,Data Change,5.65,61250.80,0.00,FR_EXEMPT,Salary,PAY-NVT-1216-3,3460.67
1217,2024-08-25,Hiring,7.19,51701.29,0.00,FR_EXEMPT,Commission,PAY-NVT-1217,3717.32
1217,2025-12-01,Data Change,9.59,55199.40,0.00,FR_EXEMPT,Commission,PAY-NVT-1217-2,5293.62
1218,2016-05-29,Hiring,9.56,45811.53,0.00,FR_EXEMPT,Salary,PAY-NVT-1218,4379.58
1218,2019-06-02,Promotion,11.99,64621.02,0.00,FR_EXEMPT,Salary,PAY-NVT-1218-2,8239.18
1218,2022-05-18,Promotion,12.88,79384.75,0.00,FR_EXEMPT,Salary,PAY-NVT-1218-3,10121.56
1218,2025-02-08,Data Change,12.75,79384.75,0.00,FR_EXEMPT,Salary,PAY-NVT-1218-4,10121.56
1219,2016-09-19,Hiring,9.38,47028.12,0.00,FR_EXEMPT,Salary,PAY-NVT-1219,4411.24
1219,2019-10-11,Promotion,11.76,67279.92,0.00,FR_EXEMPT,Salary,PAY-NVT-1219-2,8416.72
1219,2022-09-07,Promotion,12.64,78372.05,0.00,FR_EXEMPT,Salary,PAY-NVT-1219-3,9804.34
1219,2025-07-24,Data Change,12.51,84649.16,0.00,FR_EXEMPT,Salary,PAY-NVT-1219-4,10589.61
1220,2016-01-26,Hiring,11.16,74453.92,0.00,FR_EXEMPT,Salary,PAY-NVT-1220,8309.06
1220,2025-06-01,Data Change,14.88,86441.14,0.00,FR_EXEMPT,Salary,PAY-NVT-1220-2,12862.44
1221,2013-04-26,Hiring,8.10,35801.18,0.00,FR_EXEMPT,Salary,PAY-NVT-1221,2899.90
1221,2016-04-08,Promotion,9.40,53403.75,0.00,FR_EXEMPT,Salary,PAY-NVT-1221-2,5767.60
1221,2019-04-21,Promotion,10.15,68420.38,0.00,FR_EXEMPT,Salary,PAY-NVT-1221-3,7389.40
1221,2025-10-15,Data Change,10.80,94535.53,0.00,FR_EXEMPT,Salary,PAY-NVT-1221-4,10209.84
1222,2016-08-15,Hiring,11.11,125416.64,0.00,FR_EXEMPT,Salary,PAY-NVT-1222,13933.79
1222,2026-01-22,Data Change,14.81,132632.09,0.00,FR_EXEMPT,Salary,PAY-NVT-1222-2,19642.81
1223,2021-03-10,Hiring,7.14,37424.12,0.00,FR_EXEMPT,Salary,PAY-NVT-1223,2672.08
1223,2024-03-13,Promotion,8.28,51263.60,0.00,FR_EXEMPT,Salary,PAY-NVT-1223-2,4880.29
1223,2026-01-31,Data Change,9.52,51263.60,0.00,FR_EXEMPT,Salary,PAY-NVT-1223-3,4880.29
1224,2014-07-26,Hiring,13.42,42675.10,0.00,FR_EXEMPT,Salary,PAY-NVT-1224,5727.00
1224,2020-08-12,Promotion,16.83,78195.60,0.00,FR_EXEMPT,Salary,PAY-NVT-1224-2,13997.01
1224,2023-07-08,Promotion,18.08,92364.33,0.00,FR_EXEMPT,Salary,PAY-NVT-1224-3,16533.22
1224,2025-10-17,Data Change,17.90,92364.33,0.00,FR_EXEMPT,Salary,PAY-NVT-1224-4,16533.22
1225,2023-10-22,Hiring,12.12,96213.34,0.00,FR_EXEMPT,Salary,PAY-NVT-1225,11661.06
1225,2025-01-23,Data Change,16.16,96213.34,4200.00,FR_EXEMPT,Salary,PAY-NVT-1225-2,15548.08
1226,2015-08-22,Hiring,8.00,67761.90,0.00,FR_EXEMPT,Salary,PAY-NVT-1226,5420.95
1226,2018-08-31,Promotion,10.77,81029.16,4800.00,FR_EXEMPT,Salary,PAY-NVT-1226-2,8637.71
1226,2025-10-27,Data Change,10.66,81029.16,4800.00,FR_EXEMPT,Salary,PAY-NVT-1226-3,8637.71
1227,2018-12-07,Hiring,12.08,58094.61,0.00,FR_EXEMPT,Salary,PAY-NVT-1227,7017.83
1227,2024-11-13,Promotion,16.27,95623.01,0.00,FR_EXEMPT,Salary,PAY-NVT-1227-2,15404.87
1227,2026-01-05,Data Change,16.11,95623.01,0.00,FR_EXEMPT,Salary,PAY-NVT-1227-3,15404.87
1228,2019-12-05,Hiring,9.35,34518.04,0.00,FR_EXEMPT,Salary,PAY-NVT-1228,3227.44
1228,2022-11-10,Promotion,10.85,45066.13,0.00,FR_EXEMPT,Salary,PAY-NVT-1228-2,5619.75
1228,2025-11-26,Promotion,11.72,62191.35,0.00,FR_EXEMPT,Salary,PAY-NVT-1228-3,7755.26
1228,2026-02-19,Data Change,12.47,62191.35,0.00,FR_EXEMPT,Salary,PAY-NVT-1228-4,7755.26
1229,2015-07-09,Hiring,12.20,70225.45,0.00,FR_EXEMPT,Salary,PAY-NVT-1229,8567.50
1229,2018-07-23,Promotion,14.15,95540.50,0.00,FR_EXEMPT,Salary,PAY-NVT-1229-2,15534.89
1229,2021-08-01,Promotion,15.28,125208.69,0.00,FR_EXEMPT,Salary,PAY-NVT-1229-3,20358.93
1229,2024-06-26,Promotion,16.42,157702.27,0.00,FR_EXEMPT,Salary,PAY-NVT-1229-4,25642.39
1229,2025-10-04,Data Change,16.26,159513.34,0.00,FR_EXEMPT,Salary,PAY-NVT-1229-5,25936.87
1230,2025-02-04,Hiring,10.07,75319.11,0.00,FR_EXEMPT,Salary,PAY-NVT-1230,7584.63
1230,2025-07-04,Data Change,13.43,81416.49,0.00,FR_EXEMPT,Salary,PAY-NVT-1230-2,10934.23
1231,2012-05-01,Hiring,10.90,127454.25,0.00,FR_EXEMPT,Salary,PAY-NVT-1231,13892.51
1231,2025-07-15,Data Change,14.54,127454.25,5400.00,FR_EXEMPT,Salary,PAY-NVT-1231-2,18531.85
1232,2012-02-06,Hiring,8.97,43503.53,0.00,FR_EXEMPT,Salary,PAY-NVT-1232,3902.27
1232,2026-01-17,Data Change,11.96,63659.24,0.00,FR_EXEMPT,Salary,PAY-NVT-1232-2,7613.65
1233,2024-10-25,Hiring,1.56,48752.61,0.00,FR_NON_EXEMPT,Salary,PAY-NVT-1233,760.54
1233,2025-04-02,Data Change,2.08,49435.59,0.00,FR_NON_EXEMPT,Salary,PAY-NVT-1233-2,1028.26
1234,2021-02-26,Hiring,3.99,38083.92,0.00,FR_EXEMPT,Salary,PAY-NVT-1234,1519.55
1234,2024-03-14,Promotion,4.63,51522.78,0.00,FR_EXEMPT,Salary,PAY-NVT-1234-2,2741.01
1234,2025-07-28,Data Change,5.32,51522.78,0.00,FR_EXEMPT,Salary,PAY-NVT-1234-3,2741.01
1235,2015-09-25,Hiring,10.88,97725.58,0.00,FR_EXEMPT,Salary,PAY-NVT-1235,10632.54
1235,2018-10-08,Promotion,14.66,121045.04,4800.00,FR_EXEMPT,Salary,PAY-NVT-1235-2,17563.64
1235,2025-07-21,Data Change,14.51,121045.04,4800.00,FR_EXEMPT,Salary,PAY-NVT-1235-3,17563.64
1236,2020-04-05,Hiring,13.10,50977.85,0.00,FR_EXEMPT,Salary,PAY-NVT-1236,6678.10
1236,2025-03-31,Data Change,17.46,74775.13,5400.00,FR_EXEMPT,Salary,PAY-NVT-1236-2,13055.74
1237,2017-09-19,Hiring,10.68,35893.01,0.00,FR_EXEMPT,Salary,PAY-NVT-1237,3833.37
1237,2020-09-19,Promotion,12.39,56895.30,0.00,FR_EXEMPT,Salary,PAY-NVT-1237-2,8101.89
1237,2023-10-15,Promotion,13.39,72523.09,6000.00,FR_EXEMPT,Salary,PAY-NVT-1237-3,10327.29
1237,2025-05-09,Data Change,14.24,74083.97,6000.00,FR_EXEMPT,Salary,PAY-NVT-1237-4,10549.56
1238,2014-10-22,Hiring,9.73,47293.45,0.00,FR_EXEMPT,Salary,PAY-NVT-1238,4601.65
1238,2017-10-19,Promotion,11.29,67838.78,0.00,FR_EXEMPT,Salary,PAY-NVT-1238-2,8805.47
1238,2020-10-09,Promotion,12.20,97682.17,0.00,FR_EXEMPT,Salary,PAY-NVT-1238-3,12679.15
1238,2023-10-07,Promotion,13.11,118326.42,0.00,FR_EXEMPT,Salary,PAY-NVT-1238-4,15358.77
1238,2025-05-17,Data Change,12.98,118326.42,0.00,FR_EXEMPT,Salary,PAY-NVT-1238-5,15358.77
1239,2022-08-02,Hiring,5.41,41561.17,0.00,FR_EXEMPT,Salary,PAY-NVT-1239,2248.46
1239,2025-08-15,Promotion,6.27,57379.97,0.00,FR_EXEMPT,Salary,PAY-NVT-1239-2,4137.10
1239,2025-11-05,Data Change,7.21,58463.09,0.00,FR_EXEMPT,Salary,PAY-NVT-1239-3,4215.19
1240,2022-01-25,Hiring,12.12,63302.01,0.00,FR_EXEMPT,Salary,PAY-NVT-1240,7672.20
1240,2024-12-29,Promotion,15.19,95654.82,4200.00,FR_EXEMPT,Salary,PAY-NVT-1240-2,15457.82
1240,2025-10-05,Data Change,16.16,96491.57,4200.00,FR_EXEMPT,Salary,PAY-NVT-1240-3,15593.04
1241,2012-06-17,Hiring,8.04,45121.94,0.00,FR_EXEMPT,Salary,PAY-NVT-1241,3627.80
1241,2015-06-18,Promotion,9.33,61761.29,0.00,FR_EXEMPT,Salary,PAY-NVT-1241-2,6620.81
1241,2025-07-20,Data Change,10.72,104461.19,0.00,FR_EXEMPT,Salary,PAY-NVT-1241-3,11198.24
1242,2019-04-17,Hiring,9.64,51131.78,0.00,FR_EXEMPT,Salary,PAY-NVT-1242,4929.10
1242,2022-03-30,Promotion,12.08,75275.41,0.00,FR_EXEMPT,Salary,PAY-NVT-1242-2,9672.89
1242,2025-05-03,Promotion,12.98,82323.58,0.00,FR_EXEMPT,Salary,PAY-NVT-1242-3,10578.58
1242,2025-07-24,Data Change,12.85,82963.74,0.00,FR_EXEMPT,Salary,PAY-NVT-1242-4,10660.84
1243,2015-02-03,Hiring,10.27,44389.05,0.00,FR_EXEMPT,Salary,PAY-NVT-1243,4558.76
1243,2018-01-22,Promotion,11.92,67752.62,0.00,FR_EXEMPT,Salary,PAY-NVT-1243-2,9282.11
1243,2021-02-09,Promotion,12.88,94497.39,0.00,FR_EXEMPT,Salary,PAY-NVT-1243-3,12946.14
1243,2024-02-19,Promotion,13.84,110554.36,0.00,FR_EXEMPT,Salary,PAY-NVT-1243-4,15145.95
1243,2025-09-11,Data Change,13.70,122098.26,0.00,FR_EXEMPT,Salary,PAY-NVT-1243-5,16727.46
1244,2018-06-13,Hiring,11.37,84819.53,0.00,FR_EXEMPT,Salary,PAY-NVT-1244,9643.98
1244,2025-06-27,Data Change,15.16,103121.92,0.00,FR_EXEMPT,Salary,PAY-NVT-1244-2,15633.28
1245,2019-09-26,Hiring,8.23,34427.06,0.00,FR_EXEMPT,Commission,PAY-NVT-1245,2833.35
1245,2022-10-18,Promotion,9.55,47019.11,0.00,FR_EXEMPT,Commission,PAY-NVT-1245-2,5162.70
1245,2025-08-27,Promotion,10.32,63075.55,0.00,FR_EXEMPT,Commission,PAY-NVT-1245-3,6925.70
1245,2025-09-14,Data Change,10.98,68002.91,0.00,FR_EXEMPT,Commission,PAY-NVT-1245-4,7466.72
1246,2024-12-13,Hiring,0.70,41030.30,0.00,FR_INTERN,Salary,PAY-NVT-1246,287.21
1246,2025-06-16,Data Change,0.94,41030.30,0.00,FR_INTERN,Salary,PAY-NVT-1246-2,385.68
1247,2024-10-16,Hiring,0.33,31906.06,0.00,FR_NON_EXEMPT,Salary,PAY-NVT-1247,105.29
1247,2025-11-14,Data Change,0.44,33714.85,0.00,FR_NON_EXEMPT,Salary,PAY-NVT-1247-2,148.35
1248,2013-05-23,Hiring,11.78,59701.47,0.00,FR_EXEMPT,Salary,PAY-NVT-1248,7032.83
1248,2016-04-27,Promotion,14.77,80466.92,6000.00,FR_EXEMPT,Salary,PAY-NVT-1248-2,12641.35
1248,2019-05-17,Promotion,15.87,95138.89,6000.00,FR_EXEMPT,Salary,PAY-NVT-1248-3,14946.32
1248,2026-01-11,Data Change,15.71,95138.89,6000.00,FR_EXEMPT,Salary,PAY-NVT-1248-4,14946.32
1249,2024-09-28,Hiring,0.22,41559.81,0.00,FR_NON_EXEMPT,Salary,PAY-NVT-1249,91.43
1249,2025-02-19,Data Change,0.29,42216.28,0.00,FR_NON_EXEMPT,Salary,PAY-NVT-1249-2,122.43
1250,2017-12-14,Hiring,12.40,66938.11,0.00,FR_EXEMPT,Salary,PAY-NVT-1250,8300.33
1250,2020-12-04,Promotion,16.70,86204.31,0.00,FR_EXEMPT,Salary,PAY-NVT-1250-2,14249.57
1250,2025-11-27,Data Change,16.53,87888.65,0.00,FR_EXEMPT,Salary,PAY-NVT-1250-3,14527.99
