user_id,start_date,event_reason,bonus,bonus_base_amount,carallowance,paygroup,paytype,payrollid,targetincentive
1001,2024-08-12,Hiring,1.58,34121.53,0.0,FR_NON_EXEMPT,Salary,PAY-NVT-1001,539.12
1002,2015-10-18,Hiring,9.23,72265.42,0.0,FR_EXEMPT,Salary,PAY-NVT-1002,6670.1
1002,2016-09-27,Data Change,12.3,98657.7,5400,FR_EXEMPT,Salary,PAY-NVT-1002-R,12134.9
1003,2013-09-28,Hiring,10.59,28256.14,0.0,FR_EXEMPT,Salary,PAY-NVT-1003,2992.33
1003,2014-08-30,Data Change,14.12,64855.46,0.0,FR_EXEMPT,Salary,PAY-NVT-1003-R,9157.59
1004,2021-04-11,Hiring,8.97,61512.35,0.0,FR_EXEMPT,Commission,PAY-NVT-1004,5517.66
1004,2022-03-04,Data Change,11.96,78546.01,4200,FR_EXEMPT,Commission,PAY-NVT-1004-R,9394.1
1005,2019-03-06,Hiring,12.86,51108.1,0.0,FR_EXEMPT,Commission,PAY-NVT-1005,6572.5
1005,2020-01-22,Data Change,17.14,62648.49,0.0,FR_EXEMPT,Commission,PAY-NVT-1005-R,10737.95
1006,2013-08-05,Hiring,8.23,52922.29,0.0,FR_EXEMPT,Salary,PAY-NVT-1006,4355.5
1006,2014-05-23,Data Change,10.97,131044.79,6000,FR_EXEMPT,Salary,PAY-NVT-1006-R,14375.61
1007,2020-08-06,Hiring,10.53,51328.78,0.0,FR_EXEMPT,Salary,PAY-NVT-1007,5404.92
1007,2021-05-26,Data Change,14.04,66939.33,0.0,FR_EXEMPT,Salary,PAY-NVT-1007-R,9398.28
1008,2015-05-20,Hiring,12.1,58506.25,0.0,FR_EXEMPT,Salary,PAY-NVT-1008,7079.26
1008,2016-06-02,Data Change,16.13,94532.13,4800,FR_EXEMPT,Salary,PAY-NVT-1008-R,15248.03
1009,2021-04-09,Hiring,7.39,38495.06,0.0,FR_EXEMPT,Salary,PAY-NVT-1009,2844.78
1009,2022-01-06,Data Change,9.86,54493.97,0.0,FR_EXEMPT,Salary,PAY-NVT-1009-R,5373.11
1010,2019-08-23,Hiring,6.82,40153.74,0.0,FR_EXEMPT,Salary,PAY-NVT-1010,2738.49
1010,2020-06-04,Data Change,9.09,53000.76,0.0,FR_EXEMPT,Salary,PAY-NVT-1010-R,4817.77
1011,2024-11-28,Hiring,12.62,70309.88,0.0,FR_EXEMPT,Salary,PAY-NVT-1011,8873.11
1012,2019-03-11,Hiring,17.47,192175.08,0.0,FR_EXECUTIVE,Salary,PAY-NVT-1012,33572.99
1012,2020-03-08,Data Change,23.29,202891.07,9600,FR_EXECUTIVE,Salary,PAY-NVT-1012-R,47253.33
1013,2014-08-24,Hiring,13.39,56748.24,0.0,FR_EXEMPT,Salary,PAY-NVT-1013,7598.59
1013,2015-06-20,Data Change,17.85,94290.37,0.0,FR_EXEMPT,Salary,PAY-NVT-1013-R,16830.83
1014,2017-09-22,Hiring,9.06,45574.59,0.0,FR_EXEMPT,Commission,PAY-NVT-1014,4129.06
1014,2018-09-11,Data Change,12.08,86211.45,6000,FR_EXEMPT,Commission,PAY-NVT-1014-R,10414.34
1015,2018-06-18,Hiring,10.74,40106.69,0.0,FR_EXEMPT,Salary,PAY-NVT-1015,4307.46
1015,2019-04-16,Data Change,14.32,78424.19,0.0,FR_EXEMPT,Salary,PAY-NVT-1015-R,11230.34
1016,2017-11-07,Hiring,7.62,79793.94,0.0,FR_EXEMPT,Salary,PAY-NVT-1016,6080.3
1016,2018-11-07,Data Change,10.16,111609.29,4800,FR_EXEMPT,Salary,PAY-NVT-1016-R,11339.5
1017,2012-09-26,Hiring,13.28,115834.15,0.0,FR_EXEMPT,Salary,PAY-NVT-1017,15382.78
1017,2013-09-20,Data Change,17.71,115834.15,0.0,FR_EXEMPT,Salary,PAY-NVT-1017-R,20514.23
1018,2014-02-14,Hiring,13.15,45196.98,0.0,FR_EXEMPT,Salary,PAY-NVT-1018,5943.4
1018,2015-02-14,Data Change,17.53,121569.22,4800,FR_EXEMPT,Salary,PAY-NVT-1018-R,21311.08
1019,2021-05-23,Hiring,9.58,96472.0,0.0,FR_EXEMPT,Salary,PAY-NVT-1019,9242.02
1019,2022-02-27,Data Change,12.78,125993.11,5400,FR_EXEMPT,Salary,PAY-NVT-1019-R,16101.92
1020,2022-07-10,Hiring,1.72,39228.25,0.0,FR_NON_EXEMPT,Salary,PAY-NVT-1020,674.73
1020,2023-05-02,Data Change,2.3,39228.25,0.0,FR_NON_EXEMPT,Salary,PAY-NVT-1020-R,902.25
1021,2015-04-09,Hiring,10.29,55660.91,0.0,FR_EXEMPT,Salary,PAY-NVT-1021,5727.51
1021,2016-01-25,Data Change,13.72,95287.18,0.0,FR_EXEMPT,Salary,PAY-NVT-1021-R,13073.4
1022,2023-04-01,Hiring,2.14,35752.04,0.0,FR_NON_EXEMPT,Salary,PAY-NVT-1022,765.09
1022,2024-02-15,Data Change,2.85,35752.04,0.0,FR_NON_EXEMPT,Salary,PAY-NVT-1022-R,1018.93
1023,2016-12-03,Hiring,11.08,74527.8,0.0,FR_EXEMPT,Commission,PAY-NVT-1023,8257.68
1023,2017-09-12,Data Change,14.77,123669.68,0.0,FR_EXEMPT,Commission,PAY-NVT-1023-R,18266.01
1024,2013-09-19,Hiring,11.77,42856.08,0.0,FR_EXEMPT,Salary,PAY-NVT-1024,5044.16
1024,2014-06-28,Data Change,15.69,101182.76,4200,FR_EXEMPT,Salary,PAY-NVT-1024-R,15875.58
1025,2019-09-18,Hiring,10.05,61866.67,0.0,FR_EXEMPT,Salary,PAY-NVT-1025,6217.6
1025,2020-06-22,Data Change,13.4,82988.16,0.0,FR_EXEMPT,Salary,PAY-NVT-1025-R,11120.41
1026,2018-04-19,Hiring,12.08,46230.96,0.0,FR_EXEMPT,Salary,PAY-NVT-1026,5584.7
1026,2019-03-15,Data Change,16.1,81703.46,0.0,FR_EXEMPT,Salary,PAY-NVT-1026-R,13154.26
1027,2023-05-27,Hiring,4.28,42081.5,0.0,FR_EXEMPT,Salary,PAY-NVT-1027,1801.09
1027,2024-05-01,Data Change,5.7,43549.69,0.0,FR_EXEMPT,Salary,PAY-NVT-1027-R,2482.33
1028,2023-08-18,Hiring,2.62,55410.86,0.0,FR_NON_EXEMPT,Salary,PAY-NVT-1028,1451.76
1028,2024-05-20,Data Change,3.49,58652.07,0.0,FR_NON_EXEMPT,Salary,PAY-NVT-1028-R,2046.96
1029,2022-10-20,Hiring,4.72,50574.95,0.0,FR_EXEMPT,Salary,PAY-NVT-1029,2387.14
1029,2023-07-20,Data Change,6.29,50781.49,0.0,FR_EXEMPT,Salary,PAY-NVT-1029-R,3194.16
1030,2024-05-27,Hiring,4.04,49275.47,0.0,FR_EXEMPT,Salary,PAY-NVT-1030,1990.73
1031,2019-11-12,Hiring,4.94,37465.33,0.0,FR_EXEMPT,Salary,PAY-NVT-1031,1850.79
1031,2020-09-27,Data Change,6.58,49932.32,0.0,FR_EXEMPT,Salary,PAY-NVT-1031-R,3285.55
1032,2022-11-20,Hiring,2.78,38583.24,0.0,FR_NON_EXEMPT,Salary,PAY-NVT-1032,1072.61
1032,2023-10-23,Data Change,3.7,38643.87,0.0,FR_NON_EXEMPT,Salary,PAY-NVT-1032-R,1429.82
1033,2023-08-25,Hiring,1.69,35354.23,0.0,FR_NON_EXEMPT,Salary,PAY-NVT-1033,597.49
1033,2024-08-26,Data Change,2.25,35739.35,0.0,FR_NON_EXEMPT,Salary,PAY-NVT-1033-R,804.14
1034,2012-12-13,Hiring,12.23,74154.33,0.0,FR_EXEMPT,Salary,PAY-NVT-1034,9069.07
1034,2013-09-19,Data Change,16.3,153935.08,0.0,FR_EXEMPT,Salary,PAY-NVT-1034-R,25091.42
1035,2017-05-14,Hiring,8.5,40419.89,0.0,FR_EXEMPT,Salary,PAY-NVT-1035,3435.69
1035,2018-02-21,Data Change,11.33,87109.17,5400,FR_EXEMPT,Salary,PAY-NVT-1035-R,9869.47
1036,2013-02-15,Hiring,12.84,50686.26,0.0,FR_EXEMPT,Salary,PAY-NVT-1036,6508.12
1036,2013-12-15,Data Change,17.12,120936.92,0.0,FR_EXEMPT,Salary,PAY-NVT-1036-R,20704.4
1037,2024-03-18,Hiring,2.86,33584.56,0.0,FR_NON_EXEMPT,Salary,PAY-NVT-1037,960.52
1038,2023-02-24,Hiring,13.48,89917.81,0.0,FR_EXEMPT,Salary,PAY-NVT-1038,12120.92
1038,2023-12-10,Data Change,17.98,92049.44,6000,FR_EXEMPT,Salary,PAY-NVT-1038-R,16550.49
1039,2022-12-08,Hiring,2.48,42468.1,0.0,FR_NON_EXEMPT,Salary,PAY-NVT-1039,1053.21
1039,2023-09-14,Data Change,3.31,42468.1,0.0,FR_NON_EXEMPT,Salary,PAY-NVT-1039-R,1405.69
1040,2016-07-03,Hiring,12.45,45196.76,0.0,FR_EXEMPT,Salary,PAY-NVT-1040,5627.0
1040,2017-06-21,Data Change,16.6,86478.45,6000,FR_EXEMPT,Salary,PAY-NVT-1040-R,14355.42
1041,2024-09-03,Hiring,3.48,38339.93,0.0,FR_NON_EXEMPT,Salary,PAY-NVT-1041,1334.23
1042,2021-12-11,Hiring,6.65,32227.76,0.0,FR_EXEMPT,Salary,PAY-NVT-1042,2143.15
1042,2022-10-26,Data Change,8.87,41324.31,0.0,FR_EXEMPT,Salary,PAY-NVT-1042-R,3665.47
1043,2018-10-17,Hiring,11.8,70483.97,0.0,FR_EXEMPT,Salary,PAY-NVT-1043,8317.11
1043,2019-08-22,Data Change,15.73,92092.0,0.0,FR_EXEMPT,Salary,PAY-NVT-1043-R,14486.07
1044,2014-05-09,Hiring,13.03,70629.81,0.0,FR_EXEMPT,Salary,PAY-NVT-1044,9203.06
1044,2015-03-04,Data Change,17.37,90645.94,4800,FR_EXEMPT,Salary,PAY-NVT-1044-R,15745.2
1045,2013-07-18,Hiring,9.2,59244.52,0.0,FR_EXEMPT,Salary,PAY-NVT-1045,5450.5
1045,2014-05-15,Data Change,12.26,70075.83,0.0,FR_EXEMPT,Salary,PAY-NVT-1045-R,8591.3
1046,2014-08-07,Hiring,10.81,80222.02,0.0,FR_EXEMPT,Salary,PAY-NVT-1046,8672.0
1046,2015-08-06,Data Change,14.42,82442.91,6000,FR_EXEMPT,Salary,PAY-NVT-1046-R,11888.27
1047,2019-03-08,Hiring,9.41,90850.78,0.0,FR_EXEMPT,Salary,PAY-NVT-1047,8549.06
1047,2020-01-08,Data Change,12.55,96585.45,0.0,FR_EXEMPT,Salary,PAY-NVT-1047-R,12121.47
1048,2018-06-29,Hiring,8.26,31952.26,0.0,FR_EXEMPT,Salary,PAY-NVT-1048,2639.26
1048,2019-05-21,Data Change,11.01,52035.82,0.0,FR_EXEMPT,Salary,PAY-NVT-1048-R,5729.14
1049,2020-12-31,Hiring,8.32,34206.54,0.0,FR_EXEMPT,Salary,PAY-NVT-1049,2845.98
1049,2021-12-16,Data Change,11.1,46421.0,0.0,FR_EXEMPT,Salary,PAY-NVT-1049-R,5152.73
1050,2012-03-12,Hiring,9.47,73134.67,0.0,FR_EXEMPT,Salary,PAY-NVT-1050,6925.85
1050,2012-12-23,Data Change,12.63,96593.47,0.0,FR_EXEMPT,Salary,PAY-NVT-1050-R,12199.76
1051,2021-02-18,Hiring,8.91,56514.3,0.0,FR_EXEMPT,Salary,PAY-NVT-1051,5035.42
1051,2021-12-01,Data Change,11.88,74223.78,0.0,FR_EXEMPT,Salary,PAY-NVT-1051-R,8817.79
1052,2022-11-26,Hiring,0.62,40595.05,0.0,FR_NON_EXEMPT,Salary,PAY-NVT-1052,251.69
1052,2023-10-29,Data Change,0.83,44227.42,0.0,FR_NON_EXEMPT,Salary,PAY-NVT-1052-R,367.09
1053,2016-12-28,Hiring,11.59,45433.61,0.0,FR_EXEMPT,Salary,PAY-NVT-1053,5265.76
1053,2018-01-09,Data Change,15.45,87596.45,4800,FR_EXEMPT,Salary,PAY-NVT-1053-R,13533.65
1054,2019-09-20,Hiring,9.02,50722.61,0.0,FR_EXEMPT,Salary,PAY-NVT-1054,4575.18
1054,2020-07-07,Data Change,12.03,65077.5,0.0,FR_EXEMPT,Salary,PAY-NVT-1054-R,7828.82
1055,2024-03-29,Hiring,9.57,116158.22,0.0,FR_EXEMPT,Salary,PAY-NVT-1055,11116.34
1055,2024-12-27,Data Change,12.76,116158.22,0.0,FR_EXEMPT,Salary,PAY-NVT-1055-R,14821.79
1056,2024-12-17,Hiring,2.15,44307.6,0.0,FR_NON_EXEMPT,Salary,PAY-NVT-1056,952.61
1057,2013-10-23,Hiring,7.79,37233.13,0.0,FR_EXEMPT,Salary,PAY-NVT-1057,2900.46
1057,2014-07-24,Data Change,10.39,97471.13,0.0,FR_EXEMPT,Salary,PAY-NVT-1057-R,10127.25
1058,2020-08-20,Hiring,7.54,36895.93,0.0,FR_EXEMPT,Salary,PAY-NVT-1058,2781.95
1058,2021-08-09,Data Change,10.05,54608.86,0.0,FR_EXEMPT,Salary,PAY-NVT-1058-R,5488.19
1059,2018-05-12,Hiring,10.98,53155.94,0.0,FR_EXEMPT,Salary,PAY-NVT-1059,5836.52
1059,2019-03-23,Data Change,14.64,87592.55,0.0,FR_EXEMPT,Salary,PAY-NVT-1059-R,12823.55
1060,2021-01-08,Hiring,6.54,40508.32,0.0,FR_EXEMPT,Salary,PAY-NVT-1060,2649.24
1060,2022-01-23,Data Change,8.72,53292.41,0.0,FR_EXEMPT,Salary,PAY-NVT-1060-R,4647.1
1061,2017-07-07,Hiring,8.19,37141.97,0.0,FR_EXEMPT,Salary,PAY-NVT-1061,3041.93
1061,2018-05-14,Data Change,10.92,71588.67,0.0,FR_EXEMPT,Salary,PAY-NVT-1061-R,7817.48
1062,2013-11-26,Hiring,12.33,104410.94,0.0,FR_EXEMPT,Salary,PAY-NVT-1062,12873.87
1062,2014-12-11,Data Change,16.44,104584.81,6000,FR_EXEMPT,Salary,PAY-NVT-1062-R,17193.74
1063,2016-01-27,Hiring,13.14,74831.91,0.0,FR_EXEMPT,Salary,PAY-NVT-1063,9832.91
1063,2016-12-22,Data Change,17.52,123444.29,0.0,FR_EXEMPT,Salary,PAY-NVT-1063-R,21627.44
1064,2021-08-26,Hiring,8.08,35676.31,0.0,FR_EXEMPT,Salary,PAY-NVT-1064,2882.65
1064,2022-07-21,Data Change,10.77,50932.54,0.0,FR_EXEMPT,Salary,PAY-NVT-1064-R,5485.43
1065,2024-06-13,Hiring,3.33,33969.85,0.0,FR_NON_EXEMPT,Salary,PAY-NVT-1065,1131.2
1066,2024-12-09,Hiring,16.74,207622.33,0.0,FR_EXECUTIVE,Salary,PAY-NVT-1066,34755.98
1067,2023-03-23,Hiring,6.08,48981.31,0.0,FR_EXEMPT,Salary,PAY-NVT-1067,2978.06
1067,2024-02-25,Data Change,8.11,52358.6,0.0,FR_EXEMPT,Salary,PAY-NVT-1067-R,4246.28
1068,2014-10-23,Hiring,9.16,98540.09,0.0,FR_EXEMPT,Salary,PAY-NVT-1068,9026.27
1068,2015-08-23,Data Change,12.21,107128.95,0.0,FR_EXEMPT,Salary,PAY-NVT-1068-R,13080.44
1069,2022-04-27,Hiring,3.71,43105.73,0.0,FR_NON_EXEMPT,Salary,PAY-NVT-1069,1599.22
1069,2023-04-02,Data Change,4.94,43105.73,0.0,FR_NON_EXEMPT,Salary,PAY-NVT-1069-R,2129.42
1070,2021-03-05,Hiring,12.14,60260.0,0.0,FR_EXEMPT,Salary,PAY-NVT-1070,7315.56
1070,2022-01-25,Data Change,16.19,81418.54,0.0,FR_EXEMPT,Salary,PAY-NVT-1070-R,13181.66
1071,2017-04-20,Hiring,12.7,40651.76,0.0,FR_EXEMPT,Salary,PAY-NVT-1071,5162.77
1071,2018-02-01,Data Change,16.93,86781.27,5400,FR_EXEMPT,Salary,PAY-NVT-1071-R,14692.07
1072,2023-01-21,Hiring,1.78,50182.6,0.0,FR_INTERN,Salary,PAY-NVT-1072,893.25
1072,2024-01-15,Data Change,2.38,50182.6,0.0,FR_INTERN,Salary,PAY-NVT-1072-R,1194.35
1073,2020-10-21,Hiring,6.49,39952.34,0.0,FR_EXEMPT,Salary,PAY-NVT-1073,2592.91
1073,2021-09-25,Data Change,8.65,55725.34,0.0,FR_EXEMPT,Salary,PAY-NVT-1073-R,4820.24
1074,2016-03-20,Hiring,7.99,33850.39,0.0,FR_EXEMPT,Salary,PAY-NVT-1074,2704.65
1074,2017-01-06,Data Change,10.65,69679.9,0.0,FR_EXEMPT,Salary,PAY-NVT-1074-R,7420.91
1075,2017-10-01,Hiring,10.22,71906.3,0.0,FR_EXEMPT,Salary,PAY-NVT-1075,7348.82
1075,2018-09-11,Data Change,13.63,130448.24,0.0,FR_EXEMPT,Salary,PAY-NVT-1075-R,17780.1
1076,2021-06-03,Hiring,8.79,44741.82,0.0,FR_EXEMPT,Salary,PAY-NVT-1076,3932.81
1076,2022-05-15,Data Change,11.72,58835.03,0.0,FR_EXEMPT,Salary,PAY-NVT-1076-R,6895.47
1077,2015-09-30,Hiring,9.74,38878.37,0.0,FR_EXEMPT,Salary,PAY-NVT-1077,3786.75
1077,2016-08-23,Data Change,12.99,89077.23,6000,FR_EXEMPT,Salary,PAY-NVT-1077-R,11571.13
1078,2024-01-16,Hiring,2.11,36284.11,0.0,FR_NON_EXEMPT,Salary,PAY-NVT-1078,765.59
1078,2024-12-31,Data Change,2.81,36284.11,0.0,FR_NON_EXEMPT,Salary,PAY-NVT-1078-R,1019.58
1079,2015-11-23,Hiring,11.1,49016.49,0.0,FR_EXEMPT,Salary,PAY-NVT-1079,5440.83
1079,2016-11-22,Data Change,14.8,118559.08,4800,FR_EXEMPT,Salary,PAY-NVT-1079-R,17546.74
1080,2017-08-15,Hiring,8.86,89923.16,0.0,FR_EXEMPT,Salary,PAY-NVT-1080,7967.19
1080,2018-08-01,Data Change,11.81,111637.91,4200,FR_EXEMPT,Salary,PAY-NVT-1080-R,13184.44
1081,2016-01-18,Hiring,8.59,46705.13,0.0,FR_EXEMPT,Salary,PAY-NVT-1081,4011.97
1081,2016-12-25,Data Change,11.45,86839.25,6000,FR_EXEMPT,Salary,PAY-NVT-1081-R,9943.09
1082,2020-04-04,Hiring,8.45,119885.4,0.0,FR_EXEMPT,Salary,PAY-NVT-1082,10130.32
1082,2021-02-23,Data Change,11.26,119885.4,0.0,FR_EXEMPT,Salary,PAY-NVT-1082-R,13499.1
1083,2014-04-02,Hiring,7.99,89011.84,0.0,FR_EXEMPT,Commission,PAY-NVT-1083,7112.05
1083,2015-03-05,Data Change,10.65,98384.0,6000,FR_EXEMPT,Commission,PAY-NVT-1083-R,10477.9
1084,2020-01-16,Hiring,6.31,47149.45,0.0,FR_EXEMPT,Salary,PAY-NVT-1084,2975.13
1084,2021-01-01,Data Change,8.41,62639.68,0.0,FR_EXEMPT,Salary,PAY-NVT-1084-R,5268.0
1085,2018-12-04,Hiring,12.08,47721.73,0.0,FR_EXEMPT,Salary,PAY-NVT-1085,5764.78
1085,2019-11-20,Data Change,16.11,98585.65,4200,FR_EXEMPT,Salary,PAY-NVT-1085-R,15882.15
1086,2013-08-25,Hiring,7.94,41714.72,0.0,FR_EXEMPT,Salary,PAY-NVT-1086,3312.15
1086,2014-07-29,Data Change,10.58,102573.62,0.0,FR_EXEMPT,Salary,PAY-NVT-1086-R,10852.29
1087,2018-01-10,Hiring,10.0,67832.84,0.0,FR_EXEMPT,Salary,PAY-NVT-1087,6783.28
1087,2018-11-15,Data Change,13.34,82842.63,4200,FR_EXEMPT,Salary,PAY-NVT-1087-R,11051.21
1088,2019-12-11,Hiring,8.14,127485.72,0.0,FR_EXEMPT,Salary,PAY-NVT-1088,10377.34
1088,2020-10-20,Data Change,10.85,127485.72,6000,FR_EXEMPT,Salary,PAY-NVT-1088-R,13832.2
1089,2023-02-12,Hiring,1.91,37838.55,0.0,FR_NON_EXEMPT,Salary,PAY-NVT-1089,722.72
1089,2024-01-09,Data Change,2.55,40058.71,0.0,FR_NON_EXEMPT,Salary,PAY-NVT-1089-R,1021.5
1090,2013-01-11,Hiring,8.69,50946.92,0.0,FR_EXEMPT,Salary,PAY-NVT-1090,4427.29
1090,2013-12-16,Data Change,11.58,86676.99,0.0,FR_EXEMPT,Salary,PAY-NVT-1090-R,10037.2
1091,2017-10-09,Hiring,13.04,39713.87,0.0,FR_EXEMPT,Salary,PAY-NVT-1091,5178.69
1091,2018-08-04,Data Change,17.39,76485.05,0.0,FR_EXEMPT,Salary,PAY-NVT-1091-R,13300.75
1092,2015-04-05,Hiring,10.15,57876.9,0.0,FR_EXEMPT,Salary,PAY-NVT-1092,5874.51
1092,2016-04-12,Data Change,13.54,99869.07,5400,FR_EXEMPT,Salary,PAY-NVT-1092-R,13522.27
1093,2019-08-19,Hiring,8.24,37835.82,0.0,FR_EXEMPT,Salary,PAY-NVT-1093,3117.67
1093,2020-05-26,Data Change,10.99,50517.86,0.0,FR_EXEMPT,Salary,PAY-NVT-1093-R,5551.91
1094,2015-02-14,Hiring,12.36,71096.13,0.0,FR_EXEMPT,Salary,PAY-NVT-1094,8787.48
1094,2016-01-06,Data Change,16.48,128761.58,0.0,FR_EXEMPT,Salary,PAY-NVT-1094-R,21219.91
1095,2016-04-01,Hiring,11.78,46654.48,0.0,FR_EXEMPT,Commission,PAY-NVT-1095,5495.9
1095,2017-02-04,Data Change,15.71,86581.98,4800,FR_EXEMPT,Commission,PAY-NVT-1095-R,13602.03
1096,2021-05-12,Hiring,12.15,80707.54,0.0,FR_EXEMPT,Commission,PAY-NVT-1096,9805.97
1096,2022-03-24,Data Change,16.2,86797.91,0.0,FR_EXEMPT,Commission,PAY-NVT-1096-R,14061.26
1097,2023-02-04,Hiring,3.62,34750.06,0.0,FR_NON_EXEMPT,Salary,PAY-NVT-1097,1257.95
1097,2023-12-23,Data Change,4.82,34750.06,0.0,FR_NON_EXEMPT,Salary,PAY-NVT-1097-R,1674.95
1098,2013-08-02,Hiring,8.27,47044.15,0.0,FR_EXEMPT,Salary,PAY-NVT-1098,3890.55
1098,2014-06-01,Data Change,11.03,120578.02,0.0,FR_EXEMPT,Salary,PAY-NVT-1098-R,13299.76
1099,2018-11-30,Hiring,13.48,54192.36,0.0,FR_EXEMPT,Salary,PAY-NVT-1099,7305.13
1099,2019-09-15,Data Change,17.98,88442.08,0.0,FR_EXEMPT,Salary,PAY-NVT-1099-R,15901.89
1100,2015-08-21,Hiring,9.55,78674.11,0.0,FR_EXEMPT,Salary,PAY-NVT-1100,7513.38
1100,2016-06-24,Data Change,12.73,126521.36,0.0,FR_EXEMPT,Salary,PAY-NVT-1100-R,16106.17
1101,2014-10-20,Hiring,10.66,35135.95,0.0,FR_EXEMPT,Salary,PAY-NVT-1101,3745.49
1101,2015-07-18,Data Change,14.21,78434.3,0.0,FR_EXEMPT,Salary,PAY-NVT-1101-R,11145.51
1102,2018-08-22,Hiring,11.25,73533.08,0.0,FR_EXEMPT,Salary,PAY-NVT-1102,8272.47
1102,2019-05-19,Data Change,15.0,116548.85,0.0,FR_EXEMPT,Salary,PAY-NVT-1102-R,17482.33
1103,2016-11-07,Hiring,8.9,44708.48,0.0,FR_EXEMPT,Salary,PAY-NVT-1103,3979.05
1103,2017-10-09,Data Change,11.87,84224.48,6000,FR_EXEMPT,Salary,PAY-NVT-1103-R,9997.45
1104,2024-06-05,Hiring,6.39,51678.53,0.0,FR_EXEMPT,Salary,PAY-NVT-1104,3302.26
1105,2024-03-22,Hiring,3.5,39278.79,0.0,FR_NON_EXEMPT,Salary,PAY-NVT-1105,1374.76
1106,2015-03-25,Hiring,12.96,51856.19,0.0,FR_EXEMPT,Salary,PAY-NVT-1106,6720.56
1106,2016-03-26,Data Change,17.28,133932.36,0.0,FR_EXEMPT,Salary,PAY-NVT-1106-R,23143.51
1107,2012-12-29,Hiring,9.41,34611.68,0.0,FR_EXEMPT,Salary,PAY-NVT-1107,3256.96
1107,2014-01-11,Data Change,12.55,77196.83,5400,FR_EXEMPT,Salary,PAY-NVT-1107-R,9688.2
1108,2021-03-23,Hiring,3.78,37726.56,0.0,FR_EXEMPT,Salary,PAY-NVT-1108,1426.06
1108,2022-01-04,Data Change,5.04,54525.08,0.0,FR_EXEMPT,Salary,PAY-NVT-1108-R,2748.06
1109,2017-05-02,Hiring,9.23,87748.54,0.0,FR_EXEMPT,Salary,PAY-NVT-1109,8099.19
1109,2018-03-12,Data Change,12.3,118458.79,4200,FR_EXEMPT,Salary,PAY-NVT-1109-R,14570.43
1110,2021-12-08,Hiring,11.29,61910.93,0.0,FR_EXEMPT,Salary,PAY-NVT-1110,6989.74
1110,2022-10-10,Data Change,15.06,83298.01,0.0,FR_EXEMPT,Salary,PAY-NVT-1110-R,12544.68
1111,2021-01-13,Hiring,5.64,43141.38,0.0,FR_EXEMPT,Salary,PAY-NVT-1111,2433.17
1111,2021-12-09,Data Change,7.52,63050.69,0.0,FR_EXEMPT,Salary,PAY-NVT-1111-R,4741.41
1112,2020-08-21,Hiring,9.74,63823.0,0.0,FR_EXEMPT,Salary,PAY-NVT-1112,6216.36
1112,2021-07-25,Data Change,12.99,76759.78,0.0,FR_EXEMPT,Salary,PAY-NVT-1112-R,9971.1
1113,2013-03-01,Hiring,9.62,34152.38,0.0,FR_EXEMPT,Salary,PAY-NVT-1113,3285.46
1113,2013-11-27,Data Change,12.82,84946.67,0.0,FR_EXEMPT,Salary,PAY-NVT-1113-R,10890.16
1114,2016-01-01,Hiring,8.31,62968.7,0.0,FR_EXEMPT,Salary,PAY-NVT-1114,5232.7
1114,2016-12-24,Data Change,11.08,81753.54,0.0,FR_EXEMPT,Salary,PAY-NVT-1114-R,9058.29
1115,2021-09-09,Hiring,5.84,40883.25,0.0,FR_EXEMPT,Salary,PAY-NVT-1115,2387.58
1115,2022-08-07,Data Change,7.79,56697.47,0.0,FR_EXEMPT,Salary,PAY-NVT-1115-R,4416.73
1116,2022-02-11,Hiring,5.18,38828.49,0.0,FR_EXEMPT,Salary,PAY-NVT-1116,2011.32
1116,2023-02-12,Data Change,6.91,50206.72,0.0,FR_EXEMPT,Salary,PAY-NVT-1116-R,3469.28
1117,2013-05-24,Hiring,9.71,51344.48,0.0,FR_EXEMPT,Salary,PAY-NVT-1117,4985.55
1117,2014-04-20,Data Change,12.94,116650.84,0.0,FR_EXEMPT,Salary,PAY-NVT-1117-R,15094.62
1118,2021-12-05,Hiring,4.29,48556.36,0.0,FR_EXEMPT,Salary,PAY-NVT-1118,2083.07
1118,2022-10-09,Data Change,5.72,68396.9,0.0,FR_EXEMPT,Salary,PAY-NVT-1118-R,3912.3
1119,2017-05-19,Hiring,12.97,39206.65,0.0,FR_EXEMPT,Salary,PAY-NVT-1119,5085.1
1119,2018-02-14,Data Change,17.29,71268.55,0.0,FR_EXEMPT,Salary,PAY-NVT-1119-R,12322.33
1120,2023-05-24,Hiring,12.0,91581.48,0.0,FR_EXEMPT,Salary,PAY-NVT-1120,10989.78
1120,2024-05-26,Data Change,16.0,91581.48,4200,FR_EXEMPT,Salary,PAY-NVT-1120-R,14653.04
1121,2016-07-08,Hiring,9.79,81741.12,0.0,FR_EXEMPT,Salary,PAY-NVT-1121,8002.46
1121,2017-05-29,Data Change,13.06,109094.18,0.0,FR_EXEMPT,Salary,PAY-NVT-1121-R,14247.7
1122,2023-06-05,Hiring,9.88,80329.95,0.0,FR_EXEMPT,Salary,PAY-NVT-1122,7936.6
1122,2024-06-11,Data Change,13.18,80827.92,0.0,FR_EXEMPT,Salary,PAY-NVT-1122-R,10653.12
1123,2019-10-12,Hiring,5.12,38665.95,0.0,FR_EXEMPT,Salary,PAY-NVT-1123,1979.7
1123,2020-08-14,Data Change,6.82,57895.6,0.0,FR_EXEMPT,Salary,PAY-NVT-1123-R,3948.48
1124,2013-03-26,Hiring,10.17,38009.34,0.0,FR_EXEMPT,Salary,PAY-NVT-1124,3865.55
1124,2014-03-07,Data Change,13.56,81449.45,5400,FR_EXEMPT,Salary,PAY-NVT-1124-R,11044.55
1125,2022-07-26,Hiring,7.43,41319.0,0.0,FR_EXEMPT,Salary,PAY-NVT-1125,3070.0
1125,2023-05-21,Data Change,9.9,41319.0,0.0,FR_EXEMPT,Salary,PAY-NVT-1125-R,4090.58
1126,2013-03-31,Hiring,10.94,45104.17,0.0,FR_EXEMPT,Salary,PAY-NVT-1126,4934.4
1126,2014-04-06,Data Change,14.58,107909.61,0.0,FR_EXEMPT,Salary,PAY-NVT-1126-R,15733.22
1127,2016-07-05,Hiring,10.66,44317.6,0.0,FR_EXEMPT,Salary,PAY-NVT-1127,4724.26
1127,2017-04-01,Data Change,14.21,89126.28,0.0,FR_EXEMPT,Salary,PAY-NVT-1127-R,12664.84
1128,2013-03-03,Hiring,18.88,213494.23,0.0,FR_EXECUTIVE,Salary,PAY-NVT-1128,40307.71
1128,2014-02-06,Data Change,25.17,213494.23,8400,FR_EXECUTIVE,Salary,PAY-NVT-1128-R,53736.5
1129,2016-11-05,Hiring,8.48,45905.65,0.0,FR_EXEMPT,Salary,PAY-NVT-1129,3892.8
1129,2017-09-18,Data Change,11.3,78197.68,0.0,FR_EXEMPT,Salary,PAY-NVT-1129-R,8836.34
1130,2021-03-29,Hiring,9.15,90960.82,0.0,FR_EXEMPT,Commission,PAY-NVT-1130,8322.92
1130,2022-01-17,Data Change,12.2,90960.82,0.0,FR_EXEMPT,Commission,PAY-NVT-1130-R,11097.22
1131,2023-02-15,Hiring,8.48,51132.69,0.0,FR_EXEMPT,Salary,PAY-NVT-1131,4336.05
1131,2024-01-03,Data Change,11.31,51132.69,0.0,FR_EXEMPT,Salary,PAY-NVT-1131-R,5783.11
1132,2021-06-08,Hiring,4.86,38682.07,0.0,FR_EXEMPT,Salary,PAY-NVT-1132,1879.95
1132,2022-05-15,Data Change,6.48,59577.94,0.0,FR_EXEMPT,Salary,PAY-NVT-1132-R,3860.65
1133,2013-10-05,Hiring,12.35,67499.8,0.0,FR_EXEMPT,Salary,PAY-NVT-1133,8336.23
1133,2014-08-26,Data Change,16.46,145843.98,6000,FR_EXEMPT,Salary,PAY-NVT-1133-R,24005.92
1134,2013-12-18,Hiring,11.9,37100.55,0.0,FR_EXEMPT,Salary,PAY-NVT-1134,4414.97
1134,2014-11-03,Data Change,15.87,79848.45,0.0,FR_EXEMPT,Salary,PAY-NVT-1134-R,12671.95
1135,2021-05-30,Hiring,4.26,34729.51,0.0,FR_EXEMPT,Salary,PAY-NVT-1135,1479.48
1135,2022-03-27,Data Change,5.68,48178.81,0.0,FR_EXEMPT,Salary,PAY-NVT-1135-R,2736.56
1136,2016-10-16,Hiring,10.96,72212.24,0.0,FR_EXEMPT,Salary,PAY-NVT-1136,7914.46
1136,2017-08-02,Data Change,14.62,123806.53,4800,FR_EXEMPT,Salary,PAY-NVT-1136-R,18100.51
1137,2024-03-17,Hiring,4.88,53740.93,0.0,FR_EXEMPT,Salary,PAY-NVT-1137,2622.56
1138,2023-09-11,Hiring,8.2,47005.64,0.0,FR_EXEMPT,Salary,PAY-NVT-1138,3854.46
1138,2024-09-09,Data Change,10.93,47005.64,0.0,FR_EXEMPT,Salary,PAY-NVT-1138-R,5137.72
1139,2020-04-23,Hiring,8.67,47664.42,0.0,FR_EXEMPT,Salary,PAY-NVT-1139,4132.51
1139,2021-04-10,Data Change,11.56,61728.7,0.0,FR_EXEMPT,Salary,PAY-NVT-1139-R,7135.84
1140,2013-07-27,Hiring,8.21,66231.53,0.0,FR_EXEMPT,Salary,PAY-NVT-1140,5437.61
1140,2014-06-11,Data Change,10.95,115395.05,0.0,FR_EXEMPT,Salary,PAY-NVT-1140-R,12635.76
1141,2016-09-15,Hiring,10.55,68774.93,0.0,FR_EXEMPT,Salary,PAY-NVT-1141,7255.76
1141,2017-09-26,Data Change,14.07,93212.56,4200,FR_EXEMPT,Salary,PAY-NVT-1141-R,13115.01
1142,2017-09-03,Hiring,16.58,178760.12,0.0,FR_EXECUTIVE,Salary,PAY-NVT-1142,29638.43
1142,2018-07-18,Data Change,22.1,178760.12,9000,FR_EXECUTIVE,Salary,PAY-NVT-1142-R,39505.99
1143,2016-06-15,Hiring,11.75,53842.68,0.0,FR_EXEMPT,Salary,PAY-NVT-1143,6326.51
1143,2017-04-09,Data Change,15.67,94136.45,0.0,FR_EXEMPT,Salary,PAY-NVT-1143-R,14751.18
1144,2019-07-08,Hiring,7.37,51577.27,0.0,FR_EXEMPT,Salary,PAY-NVT-1144,3801.24
1144,2020-05-06,Data Change,9.82,74574.67,0.0,FR_EXEMPT,Salary,PAY-NVT-1144-R,7323.23
1145,2019-04-11,Hiring,11.0,123326.0,0.0,FR_EXEMPT,Salary,PAY-NVT-1145,13565.86
1145,2020-01-16,Data Change,14.67,123326.0,0.0,FR_EXEMPT,Salary,PAY-NVT-1145-R,18091.92
1146,2013-04-12,Hiring,13.19,54383.24,0.0,FR_EXEMPT,Salary,PAY-NVT-1146,7173.15
1146,2014-03-02,Data Change,17.59,98428.97,0.0,FR_EXEMPT,Salary,PAY-NVT-1146-R,17313.66
1147,2012-08-11,Hiring,11.92,37879.0,0.0,FR_EXEMPT,Salary,PAY-NVT-1147,4515.18
1147,2013-07-27,Data Change,15.89,86827.58,4800,FR_EXEMPT,Salary,PAY-NVT-1147-R,13796.9
1148,2021-05-26,Hiring,10.7,87503.05,0.0,FR_EXEMPT,Salary,PAY-NVT-1148,9362.83
1148,2022-03-22,Data Change,14.27,93626.37,0.0,FR_EXEMPT,Salary,PAY-NVT-1148-R,13360.48
1149,2014-03-02,Hiring,9.17,79110.42,0.0,FR_EXEMPT,Commission,PAY-NVT-1149,7254.43
1149,2015-02-01,Data Change,12.23,94789.6,5400,FR_EXEMPT,Commission,PAY-NVT-1149-R,11592.77
1150,2018-03-15,Hiring,11.83,54102.23,0.0,FR_EXEMPT,Salary,PAY-NVT-1150,6400.29
1150,2019-03-17,Data Change,15.77,86728.27,0.0,FR_EXEMPT,Salary,PAY-NVT-1150-R,13677.05
1151,2015-07-29,Hiring,8.38,63954.91,0.0,FR_EXEMPT,Salary,PAY-NVT-1151,5359.42
1151,2016-08-04,Data Change,11.17,102723.48,4200,FR_EXEMPT,Salary,PAY-NVT-1151-R,11474.21
1152,2023-05-07,Hiring,0.52,36988.7,0.0,FR_NON_EXEMPT,Salary,PAY-NVT-1152,192.34
1152,2024-04-19,Data Change,0.69,38182.44,0.0,FR_NON_EXEMPT,Salary,PAY-NVT-1152-R,263.46
1153,2021-07-10,Hiring,7.51,41490.21,0.0,FR_EXEMPT,Salary,PAY-NVT-1153,3115.91
1153,2022-07-18,Data Change,10.02,54553.7,0.0,FR_EXEMPT,Salary,PAY-NVT-1153-R,5466.28
1154,2024-10-01,Hiring,1.79,40013.09,0.0,FR_NON_EXEMPT,Salary,PAY-NVT-1154,716.23
1155,2014-10-06,Hiring,11.83,40196.85,0.0,FR_EXEMPT,Salary,PAY-NVT-1155,4755.29
1155,2015-09-29,Data Change,15.78,92954.84,0.0,FR_EXEMPT,Salary,PAY-NVT-1155-R,14668.27
1156,2012-06-03,Hiring,10.47,68990.55,0.0,FR_EXEMPT,Salary,PAY-NVT-1156,7223.31
1156,2013-05-26,Data Change,13.96,160440.61,0.0,FR_EXEMPT,Salary,PAY-NVT-1156-R,22397.51
1157,2017-08-26,Hiring,9.21,88932.67,0.0,FR_EXEMPT,Salary,PAY-NVT-1157,8190.7
1157,2018-06-26,Data Change,12.28,99227.32,0.0,FR_EXEMPT,Salary,PAY-NVT-1157-R,12185.11
1158,2024-07-03,Hiring,8.48,87010.89,0.0,FR_EXEMPT,Salary,PAY-NVT-1158,7378.52
1159,2014-09-16,Hiring,12.64,41046.48,0.0,FR_EXEMPT,Salary,PAY-NVT-1159,5188.28
1159,2015-07-19,Data Change,16.85,108782.06,0.0,FR_EXEMPT,Salary,PAY-NVT-1159-R,18329.78
1160,2012-08-28,Hiring,9.07,38589.06,0.0,FR_EXEMPT,Salary,PAY-NVT-1160,3500.03
1160,2013-08-16,Data Change,12.09,89727.99,0.0,FR_EXEMPT,Salary,PAY-NVT-1160-R,10848.11
1161,2015-05-25,Hiring,11.65,76391.28,0.0,FR_EXEMPT,Salary,PAY-NVT-1161,8899.58
1161,2016-05-24,Data Change,15.54,76391.28,0.0,FR_EXEMPT,Salary,PAY-NVT-1161-R,11871.2
1162,2017-03-11,Hiring,8.21,48676.85,0.0,FR_EXEMPT,Salary,PAY-NVT-1162,3996.37
1162,2018-02-12,Data Change,10.94,99558.6,0.0,FR_EXEMPT,Salary,PAY-NVT-1162-R,10891.71
1163,2012-05-27,Hiring,10.0,50537.21,0.0,FR_EXEMPT,Commission,PAY-NVT-1163,5053.72
1163,2013-06-04,Data Change,13.33,84844.0,6000,FR_EXEMPT,Commission,PAY-NVT-1163-R,11309.71
1164,2017-08-01,Hiring,10.65,58981.15,0.0,FR_EXEMPT,Salary,PAY-NVT-1164,6281.49
1164,2018-06-01,Data Change,14.2,70938.98,0.0,FR_EXEMPT,Salary,PAY-NVT-1164-R,10073.34
1165,2016-09-30,Hiring,10.72,70722.68,0.0,FR_EXEMPT,Salary,PAY-NVT-1165,7581.47
1165,2017-08-18,Data Change,14.29,97189.2,0.0,FR_EXEMPT,Salary,PAY-NVT-1165-R,13888.34
1166,2020-08-31,Hiring,4.04,45648.91,0.0,FR_EXEMPT,Salary,PAY-NVT-1166,1844.22
1166,2021-06-21,Data Change,5.39,70424.83,0.0,FR_EXEMPT,Salary,PAY-NVT-1166-R,3795.9
1167,2021-02-13,Hiring,9.03,38628.18,0.0,FR_EXEMPT,Salary,PAY-NVT-1167,3488.12
1167,2022-02-27,Data Change,12.04,53230.96,0.0,FR_EXEMPT,Salary,PAY-NVT-1167-R,6409.01
1168,2013-12-17,Hiring,10.33,38450.13,0.0,FR_EXEMPT,Commission,PAY-NVT-1168,3971.9
1168,2014-09-21,Data Change,13.78,86525.63,4800,FR_EXEMPT,Commission,PAY-NVT-1168-R,11923.23
1169,2021-11-16,Hiring,12.72,103272.45,0.0,FR_EXEMPT,Salary,PAY-NVT-1169,13136.26
1169,2022-09-05,Data Change,16.96,112244.99,0.0,FR_EXEMPT,Salary,PAY-NVT-1169-R,19036.75
1170,2013-11-04,Hiring,10.73,64557.07,0.0,FR_EXEMPT,Salary,PAY-NVT-1170,6926.97
1170,2014-08-18,Data Change,14.3,115485.16,4800,FR_EXEMPT,Salary,PAY-NVT-1170-R,16514.38
1171,2024-05-24,Hiring,8.88,96343.67,0.0,FR_EXEMPT,Salary,PAY-NVT-1171,8555.32
1172,2022-04-24,Hiring,8.39,52400.77,0.0,FR_EXEMPT,Salary,PAY-NVT-1172,4396.42
1172,2023-02-02,Data Change,11.19,52400.77,0.0,FR_EXEMPT,Salary,PAY-NVT-1172-R,5863.65
1173,2018-07-21,Hiring,9.92,41347.03,0.0,FR_EXEMPT,Salary,PAY-NVT-1173,4101.63
1173,2019-07-07,Data Change,13.22,72790.5,4800,FR_EXEMPT,Salary,PAY-NVT-1173-R,9622.9
1174,2012-10-02,Hiring,12.13,46498.94,0.0,FR_EXEMPT,Salary,PAY-NVT-1174,5640.32
1174,2013-08-26,Data Change,16.18,119257.34,0.0,FR_EXEMPT,Salary,PAY-NVT-1174-R,19295.84
1175,2020-11-04,Hiring,11.05,85229.9,0.0,FR_EXEMPT,Salary,PAY-NVT-1175,9417.9
1175,2021-10-19,Data Change,14.73,85229.9,0.0,FR_EXEMPT,Salary,PAY-NVT-1175-R,12554.36
1176,2024-03-28,Hiring,5.75,54388.93,0.0,FR_EXEMPT,Salary,PAY-NVT-1176,3127.36
1176,2025-02-18,Data Change,7.67,54388.93,0.0,FR_EXEMPT,Salary,PAY-NVT-1176-R,4171.63
1177,2019-05-03,Hiring,4.51,34651.84,0.0,FR_EXEMPT,Commission,PAY-NVT-1177,1562.8
1177,2020-03-02,Data Change,6.01,45865.85,0.0,FR_EXEMPT,Commission,PAY-NVT-1177-R,2756.54
1178,2017-08-13,Hiring,10.2,33878.51,0.0,FR_EXEMPT,Commission,PAY-NVT-1178,3455.61
1178,2018-08-07,Data Change,13.6,72583.21,4800,FR_EXEMPT,Commission,PAY-NVT-1178-R,9871.32
1179,2023-04-15,Hiring,7.27,95152.6,0.0,FR_EXEMPT,Salary,PAY-NVT-1179,6917.59
1179,2024-03-29,Data Change,9.7,98009.2,0.0,FR_EXEMPT,Salary,PAY-NVT-1179-R,9506.89
1180,2017-02-09,Hiring,11.98,105913.48,0.0,FR_EXEMPT,Commission,PAY-NVT-1180,12688.43
1180,2018-01-07,Data Change,15.98,122445.22,0.0,FR_EXEMPT,Commission,PAY-NVT-1180-R,19566.75
1181,2023-05-06,Hiring,6.2,65546.87,0.0,FR_EXEMPT,Salary,PAY-NVT-1181,4063.91
1181,2024-02-24,Data Change,8.26,65911.76,0.0,FR_EXEMPT,Salary,PAY-NVT-1181-R,5444.31
1182,2018-11-05,Hiring,8.72,41917.8,0.0,FR_EXEMPT,Salary,PAY-NVT-1182,3655.23
1182,2019-09-12,Data Change,11.63,84329.69,4200,FR_EXEMPT,Salary,PAY-NVT-1182-R,9807.54
1183,2014-03-01,Hiring,9.48,66593.63,0.0,FR_EXEMPT,Salary,PAY-NVT-1183,6313.08
1183,2014-11-28,Data Change,12.64,148269.14,4800,FR_EXEMPT,Salary,PAY-NVT-1183-R,18741.22
1184,2023-04-24,Hiring,6.32,56702.95,0.0,FR_EXEMPT,Salary,PAY-NVT-1184,3583.63
1184,2024-02-07,Data Change,8.43,59231.3,0.0,FR_EXEMPT,Salary,PAY-NVT-1184-R,4993.2
1185,2024-09-22,Hiring,0.22,43253.66,0.0,FR_NON_EXEMPT,Salary,PAY-NVT-1185,95.16
1186,2021-09-06,Hiring,11.75,98164.87,0.0,FR_EXEMPT,Commission,PAY-NVT-1186,11534.37
1186,2022-06-09,Data Change,15.66,106891.54,6000,FR_EXEMPT,Commission,PAY-NVT-1186-R,16739.22
1187,2021-04-27,Hiring,10.81,54179.88,0.0,FR_EXEMPT,Salary,PAY-NVT-1187,5856.85
1187,2022-03-31,Data Change,14.41,76968.9,0.0,FR_EXEMPT,Salary,PAY-NVT-1187-R,11091.22
1188,2016-11-17,Hiring,8.14,42294.73,0.0,FR_EXEMPT,Salary,PAY-NVT-1188,3442.79
1188,2017-08-16,Data Change,10.86,81030.49,4800,FR_EXEMPT,Salary,PAY-NVT-1188-R,8799.91
1189,2021-11-12,Hiring,7.41,34705.77,0.0,FR_EXEMPT,Salary,PAY-NVT-1189,2571.7
1189,2022-09-01,Data Change,9.88,53391.75,0.0,FR_EXEMPT,Salary,PAY-NVT-1189-R,5275.1
1190,2019-07-08,Hiring,7.1,32889.14,0.0,FR_EXEMPT,Commission,PAY-NVT-1190,2335.13
1190,2020-04-16,Data Change,9.46,46879.74,0.0,FR_EXEMPT,Commission,PAY-NVT-1190-R,4434.82
1191,2015-08-20,Hiring,13.01,68434.31,0.0,FR_EXEMPT,Salary,PAY-NVT-1191,8903.3
1191,2016-06-21,Data Change,17.35,87439.68,6000,FR_EXEMPT,Salary,PAY-NVT-1191-R,15170.78
1192,2024-07-09,Hiring,8.21,89780.31,0.0,FR_EXEMPT,Salary,PAY-NVT-1192,7370.96
1193,2013-06-10,Hiring,12.6,36336.15,0.0,FR_EXEMPT,Commission,PAY-NVT-1193,4578.35
1193,2014-04-10,Data Change,16.8,95850.64,0.0,FR_EXEMPT,Commission,PAY-NVT-1193-R,16102.91
1194,2023-04-18,Hiring,5.56,62763.36,0.0,FR_EXEMPT,Salary,PAY-NVT-1194,3489.64
1194,2024-01-29,Data Change,7.42,62763.36,0.0,FR_EXEMPT,Salary,PAY-NVT-1194-R,4657.04
1195,2017-09-13,Hiring,11.3,48784.64,0.0,FR_EXEMPT,Salary,PAY-NVT-1195,5512.66
1195,2018-09-09,Data Change,15.07,108696.19,0.0,FR_EXEMPT,Salary,PAY-NVT-1195-R,16380.52
1196,2015-12-30,Hiring,12.13,72757.55,0.0,FR_EXEMPT,Salary,PAY-NVT-1196,8825.49
1196,2016-11-20,Data Change,16.18,131562.93,4800,FR_EXEMPT,Salary,PAY-NVT-1196-R,21286.88
1197,2015-10-27,Hiring,7.53,40631.44,0.0,FR_EXEMPT,Salary,PAY-NVT-1197,3059.55
1197,2016-10-24,Data Change,10.04,102305.17,5400,FR_EXEMPT,Salary,PAY-NVT-1197-R,10271.44
1198,2012-05-31,Hiring,10.82,47127.33,0.0,FR_EXEMPT,Salary,PAY-NVT-1198,5099.18
1198,2013-02-26,Data Change,14.43,122779.93,0.0,FR_EXEMPT,Salary,PAY-NVT-1198-R,17717.14
1199,2020-01-31,Hiring,6.49,34703.42,0.0,FR_EXEMPT,Salary,PAY-NVT-1199,2252.25
1199,2020-11-25,Data Change,8.65,57404.35,0.0,FR_EXEMPT,Salary,PAY-NVT-1199-R,4965.48
1200,2013-03-28,Hiring,12.2,44710.4,0.0,FR_EXEMPT,Salary,PAY-NVT-1200,5454.67
1200,2014-01-03,Data Change,16.26,114298.89,4800,FR_EXEMPT,Salary,PAY-NVT-1200-R,18585.0
1201,2022-09-18,Hiring,8.17,60139.2,0.0,FR_EXEMPT,Salary,PAY-NVT-1201,4913.37
1201,2023-07-04,Data Change,10.89,60139.2,0.0,FR_EXEMPT,Salary,PAY-NVT-1201-R,6549.16
1202,2023-11-05,Hiring,2.27,36938.32,0.0,FR_NON_EXEMPT,Salary,PAY-NVT-1202,838.5
1202,2024-08-02,Data Change,3.02,38502.17,0.0,FR_NON_EXEMPT,Salary,PAY-NVT-1202-R,1162.77
1203,2018-10-19,Hiring,12.2,40488.5,0.0,FR_EXEMPT,Salary,PAY-NVT-1203,4939.6
1203,2019-09-17,Data Change,16.26,73135.94,5400,FR_EXEMPT,Salary,PAY-NVT-1203-R,11891.9
1204,2023-02-28,Hiring,3.58,46322.64,0.0,FR_NON_EXEMPT,Salary,PAY-NVT-1204,1658.35
1204,2023-12-22,Data Change,4.77,47170.23,0.0,FR_NON_EXEMPT,Salary,PAY-NVT-1204-R,2250.02
1205,2013-10-24,Hiring,10.49,37516.63,0.0,FR_EXEMPT,Salary,PAY-NVT-1205,3935.49
1205,2014-09-02,Data Change,13.99,89559.71,0.0,FR_EXEMPT,Salary,PAY-NVT-1205-R,12529.4
1206,2014-12-28,Hiring,10.37,53221.16,0.0,FR_EXEMPT,Salary,PAY-NVT-1206,5519.03
1206,2015-11-16,Data Change,13.83,77109.12,6000,FR_EXEMPT,Salary,PAY-NVT-1206-R,10664.19
1207,2021-06-25,Hiring,5.62,43948.76,0.0,FR_EXEMPT,Commission,PAY-NVT-1207,2469.92
1207,2022-04-30,Data Change,7.49,62985.57,0.0,FR_EXEMPT,Commission,PAY-NVT-1207-R,4717.62
1208,2019-10-07,Hiring,10.08,119068.19,0.0,FR_EXEMPT,Salary,PAY-NVT-1208,12002.07
1208,2020-10-11,Data Change,13.44,119068.19,5400,FR_EXEMPT,Salary,PAY-NVT-1208-R,16002.76
1209,2023-05-11,Hiring,7.37,53422.31,0.0,FR_EXEMPT,Commission,PAY-NVT-1209,3937.22
1209,2024-05-17,Data Change,9.83,53422.31,0.0,FR_EXEMPT,Commission,PAY-NVT-1209-R,5251.41
1210,2019-07-13,Hiring,11.88,58178.98,0.0,FR_EXEMPT,Salary,PAY-NVT-1210,6911.66
1210,2020-06-10,Data Change,15.84,69521.05,0.0,FR_EXEMPT,Salary,PAY-NVT-1210-R,11012.13
1211,2020-08-02,Hiring,10.21,80114.85,0.0,FR_EXEMPT,Salary,PAY-NVT-1211,8179.73
1211,2021-06-15,Data Change,13.62,92479.39,4200,FR_EXEMPT,Salary,PAY-NVT-1211-R,12595.69
1212,2019-08-02,Hiring,8.55,62524.99,0.0,FR_EXEMPT,Commission,PAY-NVT-1212,5345.89
1212,2020-06-26,Data Change,11.4,87555.18,6000,FR_EXEMPT,Commission,PAY-NVT-1212-R,9981.29
1213,2020-01-28,Hiring,4.79,43686.92,0.0,FR_EXEMPT,Salary,PAY-NVT-1213,2092.6
1213,2021-01-21,Data Change,6.38,57539.75,0.0,FR_EXEMPT,Salary,PAY-NVT-1213-R,3671.04
1214,2024-10-15,Hiring,4.28,47876.71,0.0,FR_EXEMPT,Salary,PAY-NVT-1214,2049.12
1215,2016-09-19,Hiring,11.08,50973.76,0.0,FR_EXEMPT,Salary,PAY-NVT-1215,5647.89
1215,2017-09-25,Data Change,14.78,102395.77,0.0,FR_EXEMPT,Salary,PAY-NVT-1215-R,15134.09
1216,2022-08-30,Hiring,11.19,74913.62,0.0,FR_EXEMPT,Salary,PAY-NVT-1216,8382.83
1216,2023-05-31,Data Change,14.92,79323.44,0.0,FR_EXEMPT,Salary,PAY-NVT-1216-R,11835.06
1217,2019-06-26,Hiring,5.77,34174.85,0.0,FR_EXEMPT,Salary,PAY-NVT-1217,1971.89
1217,2020-05-03,Data Change,7.69,53085.32,0.0,FR_EXEMPT,Salary,PAY-NVT-1217-R,4082.26
1218,2016-11-10,Hiring,8.34,49128.65,0.0,FR_EXEMPT,Salary,PAY-NVT-1218,4097.33
1218,2017-08-17,Data Change,11.12,80615.02,0.0,FR_EXEMPT,Salary,PAY-NVT-1218-R,8964.39
1219,2017-09-17,Hiring,10.87,35415.08,0.0,FR_EXEMPT,Salary,PAY-NVT-1219,3849.62
1219,2018-09-29,Data Change,14.49,63087.26,0.0,FR_EXEMPT,Salary,PAY-NVT-1219-R,9141.34
1220,2013-05-15,Hiring,8.82,57903.14,0.0,FR_EXEMPT,Salary,PAY-NVT-1220,5107.06
1220,2014-05-16,Data Change,11.76,92842.32,0.0,FR_EXEMPT,Salary,PAY-NVT-1220-R,10918.26
1221,2015-12-08,Hiring,10.94,38057.49,0.0,FR_EXEMPT,Salary,PAY-NVT-1221,4163.49
1221,2016-09-21,Data Change,14.58,89940.95,5400,FR_EXEMPT,Salary,PAY-NVT-1221-R,13113.39
1222,2014-08-07,Hiring,11.42,105369.92,0.0,FR_EXEMPT,Salary,PAY-NVT-1222,12033.24
1222,2015-05-11,Data Change,15.23,128637.82,4200,FR_EXEMPT,Salary,PAY-NVT-1222-R,19591.54
1223,2019-01-21,Hiring,12.37,69155.78,0.0,FR_EXEMPT,Salary,PAY-NVT-1223,8554.57
1223,2019-11-21,Data Change,16.49,93472.96,0.0,FR_EXEMPT,Salary,PAY-NVT-1223-R,15413.69
1224,2021-03-25,Hiring,7.85,53318.84,0.0,FR_EXEMPT,Salary,PAY-NVT-1224,4185.53
1224,2022-03-29,Data Change,10.47,70768.79,0.0,FR_EXEMPT,Salary,PAY-NVT-1224-R,7409.49
1225,2013-01-21,Hiring,12.64,65398.13,0.0,FR_EXEMPT,Salary,PAY-NVT-1225,8266.32
1225,2013-12-07,Data Change,16.86,114519.79,0.0,FR_EXEMPT,Salary,PAY-NVT-1225-R,19308.04
1226,2018-08-17,Hiring,12.7,77716.68,0.0,FR_EXEMPT,Salary,PAY-NVT-1226,9870.02
1226,2019-05-23,Data Change,16.93,86213.71,5400,FR_EXEMPT,Salary,PAY-NVT-1226-R,14595.98
1227,2021-10-17,Hiring,10.21,56710.71,0.0,FR_EXEMPT,Salary,PAY-NVT-1227,5790.16
1227,2022-09-21,Data Change,13.62,75184.11,0.0,FR_EXEMPT,Salary,PAY-NVT-1227-R,10240.08
1228,2012-02-06,Hiring,9.46,50175.28,0.0,FR_EXEMPT,Salary,PAY-NVT-1228,4746.58
1228,2013-01-01,Data Change,12.62,76570.26,0.0,FR_EXEMPT,Salary,PAY-NVT-1228-R,9663.17
1229,2024-10-25,Hiring,4.08,92134.21,0.0,FR_EXEMPT,Salary,PAY-NVT-1229,3759.08
1230,2021-02-26,Hiring,6.72,42458.25,0.0,FR_EXEMPT,Salary,PAY-NVT-1230,2853.19
1230,2021-12-16,Data Change,8.96,56878.03,0.0,FR_EXEMPT,Salary,PAY-NVT-1230-R,5096.27
1231,2015-10-02,Hiring,8.24,73581.27,0.0,FR_EXEMPT,Salary,PAY-NVT-1231,6063.1
1231,2016-07-22,Data Change,10.99,135166.79,0.0,FR_EXEMPT,Salary,PAY-NVT-1231-R,14854.83
1232,2016-08-22,Hiring,8.45,64495.81,0.0,FR_EXEMPT,Salary,PAY-NVT-1232,5449.9
1232,2017-09-03,Data Change,11.27,64495.81,0.0,FR_EXEMPT,Salary,PAY-NVT-1232-R,7268.68
1233,2012-06-29,Hiring,9.88,70534.84,0.0,FR_EXEMPT,Salary,PAY-NVT-1233,6968.84
1233,2013-04-27,Data Change,13.17,137349.16,4800,FR_EXEMPT,Salary,PAY-NVT-1233-R,18088.88
1234,2023-05-19,Hiring,0.03,37707.76,0.0,FR_INTERN,Salary,PAY-NVT-1234,11.31
1234,2024-05-27,Data Change,0.04,38103.44,0.0,FR_INTERN,Salary,PAY-NVT-1234-R,15.24
1235,2024-04-26,Hiring,12.34,96135.65,0.0,FR_EXEMPT,Salary,PAY-NVT-1235,11863.14
1236,2014-03-04,Hiring,10.68,68209.96,0.0,FR_EXEMPT,Salary,PAY-NVT-1236,7284.82
1236,2015-03-15,Data Change,14.24,96211.05,4800,FR_EXEMPT,Salary,PAY-NVT-1236-R,13700.45
1237,2022-01-25,Hiring,8.02,56301.16,0.0,FR_EXEMPT,Salary,PAY-NVT-1237,4515.35
1237,2022-10-23,Data Change,10.69,73675.36,4200,FR_EXEMPT,Salary,PAY-NVT-1237-R,7875.9
1238,2012-06-17,Hiring,10.82,111131.79,0.0,FR_EXEMPT,Salary,PAY-NVT-1238,12024.46
1238,2013-03-29,Data Change,14.43,114315.51,0.0,FR_EXEMPT,Salary,PAY-NVT-1238-R,16495.73
1239,2019-04-17,Hiring,11.98,60780.92,0.0,FR_EXEMPT,Commission,PAY-NVT-1239,7281.55
1239,2020-04-19,Data Change,15.98,81552.14,4200,FR_EXEMPT,Commission,PAY-NVT-1239-R,13032.03
1240,2015-02-03,Hiring,7.57,48503.39,0.0,FR_EXEMPT,Salary,PAY-NVT-1240,3671.71
1240,2016-01-30,Data Change,10.1,108093.29,5400,FR_EXEMPT,Salary,PAY-NVT-1240-R,10917.42
1241,2018-06-13,Hiring,12.12,65519.2,0.0,FR_EXEMPT,Salary,PAY-NVT-1241,7940.93
1241,2019-04-10,Data Change,16.16,108862.07,4200,FR_EXEMPT,Salary,PAY-NVT-1241-R,17592.11
1242,2019-09-26,Hiring,12.11,72598.65,0.0,FR_EXEMPT,Salary,PAY-NVT-1242,8791.7
1242,2020-08-10,Data Change,16.14,85369.53,0.0,FR_EXEMPT,Salary,PAY-NVT-1242-R,13778.64
1243,2024-12-13,Hiring,8.59,63615.86,0.0,FR_EXEMPT,Salary,PAY-NVT-1243,5464.6
1244,2024-10-16,Hiring,1.64,41857.22,0.0,FR_NON_EXEMPT,Salary,PAY-NVT-1244,686.46
1245,2013-05-23,Hiring,8.56,33730.2,0.0,FR_EXEMPT,Commission,PAY-NVT-1245,2887.31
1245,2014-05-26,Data Change,11.41,83906.59,4800,FR_EXEMPT,Commission,PAY-NVT-1245-R,9573.74
1246,2024-09-28,Hiring,8.27,100104.36,0.0,FR_EXEMPT,Salary,PAY-NVT-1246,8278.63
1247,2015-10-25,Hiring,11.77,53238.02,0.0,FR_EXEMPT,Salary,PAY-NVT-1247,6266.11
1247,2016-09-15,Data Change,15.7,67765.41,0.0,FR_EXEMPT,Salary,PAY-NVT-1247-R,10639.17
1248,2023-02-01,Hiring,4.29,58618.98,0.0,FR_EXEMPT,Salary,PAY-NVT-1248,2514.75
1248,2023-11-29,Data Change,5.72,59575.61,0.0,FR_EXEMPT,Salary,PAY-NVT-1248-R,3407.72
1249,2012-07-11,Hiring,9.79,39841.88,0.0,FR_EXEMPT,Salary,PAY-NVT-1249,3900.52
1249,2013-07-10,Data Change,13.06,94495.25,4200,FR_EXEMPT,Salary,PAY-NVT-1249-R,12341.08
1250,2012-05-06,Hiring,9.13,54016.03,0.0,FR_EXEMPT,Salary,PAY-NVT-1250,4931.66
1250,2013-02-04,Data Change,12.17,84991.73,0.0,FR_EXEMPT,Salary,PAY-NVT-1250-R,10343.49
