user_id,start_date,pay_component,paycomponentvalue,currency_code,frequency,seq_number
1001,2024-08-12,Base Salary,2843.46,EUR,Monthly,1
1001,2024-08-12,Transport Allowance,51.97,EUR,Monthly,2
1002,2015-10-18,Base Salary,6022.12,EUR,Monthly,1
1002,2015-10-18,Transport Allowance,70.74,EUR,Monthly,2
1002,2015-10-18,Housing Allowance,220.67,EUR,Monthly,3
1002,2016-10-07,Base Salary,8221.48,EUR,Monthly,1
1002,2016-10-07,Transport Allowance,70.74,EUR,Monthly,2
1002,2016-10-07,Car Allowance,450.0,EUR,Monthly,3
1002,2016-10-07,Housing Allowance,416.07,EUR,Monthly,4
1003,2013-09-28,Base Salary,2354.68,EUR,Monthly,1
1003,2013-09-28,Transport Allowance,61.55,EUR,Monthly,2
1003,2014-09-20,Base Salary,5404.62,EUR,Monthly,1
1003,2014-09-20,Transport Allowance,61.55,EUR,Monthly,2
1004,2021-04-11,Base Salary,5126.03,EUR,Monthly,1
1004,2021-04-11,Transport Allowance,78.64,EUR,Monthly,2
1004,2021-04-11,Housing Allowance,405.97,EUR,Monthly,3
1004,2022-01-26,Base Salary,6545.5,EUR,Monthly,1
1004,2022-01-26,Transport Allowance,78.64,EUR,Monthly,2
1004,2022-01-26,Car Allowance,350.0,EUR,Monthly,3
1004,2022-01-26,Housing Allowance,338.42,EUR,Monthly,4
1005,2019-03-06,Base Salary,4259.01,EUR,Monthly,1
1005,2019-03-06,Transport Allowance,46.48,EUR,Monthly,2
1005,2020-02-09,Base Salary,5220.71,EUR,Monthly,1
1005,2020-02-09,Transport Allowance,46.48,EUR,Monthly,2
1006,2013-08-05,Base Salary,4410.19,EUR,Monthly,1
1006,2013-08-05,Transport Allowance,63.23,EUR,Monthly,2
1006,2014-06-03,Base Salary,10920.4,EUR,Monthly,1
1006,2014-06-03,Transport Allowance,63.23,EUR,Monthly,2
1006,2014-06-03,Car Allowance,500.0,EUR,Monthly,3
1006,2014-06-03,Housing Allowance,305.87,EUR,Monthly,4
1007,2020-08-06,Base Salary,4277.4,EUR,Monthly,1
1007,2020-08-06,Transport Allowance,55.46,EUR,Monthly,2
1007,2021-06-18,Base Salary,5578.28,EUR,Monthly,1
1007,2021-06-18,Transport Allowance,55.46,EUR,Monthly,2
1008,2015-05-20,Base Salary,4875.52,EUR,Monthly,1
1008,2015-05-20,Transport Allowance,76.06,EUR,Monthly,2
1008,2016-06-03,Base Salary,7877.68,EUR,Monthly,1
1008,2016-06-03,Transport Allowance,76.06,EUR,Monthly,2
1008,2016-06-03,Car Allowance,400.0,EUR,Monthly,3
1008,2016-06-03,Housing Allowance,346.67,EUR,Monthly,4
1009,2021-04-09,Base Salary,3207.92,EUR,Monthly,1
1009,2021-04-09,Transport Allowance,79.06,EUR,Monthly,2
1009,2022-02-03,Base Salary,4541.16,EUR,Monthly,1
1009,2022-02-03,Transport Allowance,79.06,EUR,Monthly,2
1010,2019-08-23,Base Salary,3346.14,EUR,Monthly,1
1010,2019-08-23,Transport Allowance,67.15,EUR,Monthly,2
1010,2020-06-29,Base Salary,4416.73,EUR,Monthly,1
1010,2020-06-29,Transport Allowance,67.15,EUR,Monthly,2
1011,2024-11-28,Base Salary,5859.16,EUR,Monthly,1
1011,2024-11-28,Transport Allowance,45.53,EUR,Monthly,2
1011,2024-11-28,Housing Allowance,374.77,EUR,Monthly,3
1012,2019-03-11,Base Salary,16014.59,EUR,Monthly,1
1012,2019-03-11,Transport Allowance,65.46,EUR,Monthly,2
1012,2019-03-11,Housing Allowance,287.08,EUR,Monthly,3
1012,2020-01-06,Base Salary,16907.59,EUR,Monthly,1
1012,2020-01-06,Transport Allowance,65.46,EUR,Monthly,2
1012,2020-01-06,Car Allowance,800.0,EUR,Monthly,3
1012,2020-01-06,Housing Allowance,201.96,EUR,Monthly,4
1013,2014-08-24,Base Salary,4729.02,EUR,Monthly,1
1013,2014-08-24,Transport Allowance,46.47,EUR,Monthly,2
1013,2015-08-29,Base Salary,7857.53,EUR,Monthly,1
1013,2015-08-29,Transport Allowance,46.47,EUR,Monthly,2
1014,2017-09-22,Base Salary,3797.88,EUR,Monthly,1
1014,2017-09-22,Transport Allowance,69.18,EUR,Monthly,2
1014,2018-09-15,Base Salary,7184.29,EUR,Monthly,1
1014,2018-09-15,Transport Allowance,69.18,EUR,Monthly,2
1014,2018-09-15,Car Allowance,500.0,EUR,Monthly,3
1015,2018-06-18,Base Salary,3342.22,EUR,Monthly,1
1015,2018-06-18,Transport Allowance,65.87,EUR,Monthly,2
1015,2019-05-01,Base Salary,6535.35,EUR,Monthly,1
1015,2019-05-01,Transport Allowance,65.87,EUR,Monthly,2
1015,2019-05-01,Housing Allowance,369.58,EUR,Monthly,3
1016,2017-11-07,Base Salary,6649.49,EUR,Monthly,1
1016,2017-11-07,Transport Allowance,53.71,EUR,Monthly,2
1016,2017-11-07,Housing Allowance,309.98,EUR,Monthly,3
1016,2018-10-30,Base Salary,9300.77,EUR,Monthly,1
1016,2018-10-30,Transport Allowance,53.71,EUR,Monthly,2
1016,2018-10-30,Car Allowance,400.0,EUR,Monthly,3
1016,2018-10-30,Housing Allowance,336.1,EUR,Monthly,4
1017,2012-09-26,Base Salary,9652.85,EUR,Monthly,1
1017,2012-09-26,Transport Allowance,77.58,EUR,Monthly,2
1017,2012-09-26,Housing Allowance,419.33,EUR,Monthly,3
1018,2014-02-14,Base Salary,3766.42,EUR,Monthly,1
1018,2014-02-14,Transport Allowance,66.88,EUR,Monthly,2
1018,2014-11-18,Base Salary,10130.77,EUR,Monthly,1
1018,2014-11-18,Transport Allowance,66.88,EUR,Monthly,2
1018,2014-11-18,Car Allowance,400.0,EUR,Monthly,3
1019,2021-05-23,Base Salary,8039.33,EUR,Monthly,1
1019,2021-05-23,Transport Allowance,57.44,EUR,Monthly,2
1019,2022-03-08,Base Salary,10499.43,EUR,Monthly,1
1019,2022-03-08,Transport Allowance,57.44,EUR,Monthly,2
1019,2022-03-08,Car Allowance,450.0,EUR,Monthly,3
1020,2022-07-10,Base Salary,3269.02,EUR,Monthly,1
1020,2022-07-10,Transport Allowance,69.55,EUR,Monthly,2
1021,2015-04-09,Base Salary,4638.41,EUR,Monthly,1
1021,2015-04-09,Transport Allowance,72.7,EUR,Monthly,2
1021,2016-01-20,Base Salary,7940.6,EUR,Monthly,1
1021,2016-01-20,Transport Allowance,72.7,EUR,Monthly,2
1022,2023-04-01,Base Salary,2979.34,EUR,Monthly,1
1022,2023-04-01,Transport Allowance,62.07,EUR,Monthly,2
1023,2016-12-03,Base Salary,6210.65,EUR,Monthly,1
1023,2016-12-03,Transport Allowance,56.09,EUR,Monthly,2
1023,2017-11-09,Base Salary,10305.81,EUR,Monthly,1
1023,2017-11-09,Transport Allowance,56.09,EUR,Monthly,2
1023,2017-11-09,Housing Allowance,373.48,EUR,Monthly,3
1024,2013-09-19,Base Salary,3571.34,EUR,Monthly,1
1024,2013-09-19,Transport Allowance,71.48,EUR,Monthly,2
1024,2014-09-27,Base Salary,8431.9,EUR,Monthly,1
1024,2014-09-27,Transport Allowance,71.48,EUR,Monthly,2
1024,2014-09-27,Car Allowance,350.0,EUR,Monthly,3
1025,2019-09-18,Base Salary,5155.56,EUR,Monthly,1
1025,2019-09-18,Transport Allowance,76.21,EUR,Monthly,2
1025,2020-09-15,Base Salary,6915.68,EUR,Monthly,1
1025,2020-09-15,Transport Allowance,76.21,EUR,Monthly,2
1026,2018-04-19,Base Salary,3852.58,EUR,Monthly,1
1026,2018-04-19,Transport Allowance,51.75,EUR,Monthly,2
1026,2019-04-12,Base Salary,6808.62,EUR,Monthly,1
1026,2019-04-12,Transport Allowance,51.75,EUR,Monthly,2
1027,2023-05-27,Base Salary,3506.79,EUR,Monthly,1
1027,2023-05-27,Transport Allowance,58.22,EUR,Monthly,2
1027,2024-05-23,Base Salary,3629.14,EUR,Monthly,1
1027,2024-05-23,Transport Allowance,58.22,EUR,Monthly,2
1028,2023-08-18,Base Salary,4617.57,EUR,Monthly,1
1028,2023-08-18,Transport Allowance,49.72,EUR,Monthly,2
1028,2024-05-19,Base Salary,4887.67,EUR,Monthly,1
1028,2024-05-19,Transport Allowance,49.72,EUR,Monthly,2
1029,2022-10-20,Base Salary,4214.58,EUR,Monthly,1
1029,2022-10-20,Transport Allowance,61.99,EUR,Monthly,2
1029,2023-09-11,Base Salary,4231.79,EUR,Monthly,1
1029,2023-09-11,Transport Allowance,61.99,EUR,Monthly,2
1030,2024-05-27,Base Salary,4106.29,EUR,Monthly,1
1030,2024-05-27,Transport Allowance,64.57,EUR,Monthly,2
1031,2019-11-12,Base Salary,3122.11,EUR,Monthly,1
1031,2019-11-12,Transport Allowance,64.0,EUR,Monthly,2
1031,2020-10-09,Base Salary,4161.03,EUR,Monthly,1
1031,2020-10-09,Transport Allowance,64.0,EUR,Monthly,2
1032,2022-11-20,Base Salary,3215.27,EUR,Monthly,1
1032,2022-11-20,Transport Allowance,51.64,EUR,Monthly,2
1032,2023-09-09,Base Salary,3220.32,EUR,Monthly,1
1032,2023-09-09,Transport Allowance,51.64,EUR,Monthly,2
1033,2023-08-25,Base Salary,2946.19,EUR,Monthly,1
1033,2023-08-25,Transport Allowance,64.03,EUR,Monthly,2
1033,2024-07-01,Base Salary,2978.28,EUR,Monthly,1
1033,2024-07-01,Transport Allowance,64.03,EUR,Monthly,2
1034,2012-12-13,Base Salary,6179.53,EUR,Monthly,1
1034,2012-12-13,Transport Allowance,70.63,EUR,Monthly,2
1034,2013-10-14,Base Salary,12827.92,EUR,Monthly,1
1034,2013-10-14,Transport Allowance,70.63,EUR,Monthly,2
1035,2017-05-14,Base Salary,3368.32,EUR,Monthly,1
1035,2017-05-14,Transport Allowance,75.37,EUR,Monthly,2
1035,2018-04-25,Base Salary,7259.1,EUR,Monthly,1
1035,2018-04-25,Transport Allowance,75.37,EUR,Monthly,2
1035,2018-04-25,Car Allowance,450.0,EUR,Monthly,3
1036,2013-02-15,Base Salary,4223.86,EUR,Monthly,1
1036,2013-02-15,Transport Allowance,77.01,EUR,Monthly,2
1036,2014-01-21,Base Salary,10078.08,EUR,Monthly,1
1036,2014-01-21,Transport Allowance,77.01,EUR,Monthly,2
1037,2024-03-18,Base Salary,2798.71,EUR,Monthly,1
1037,2024-03-18,Transport Allowance,50.61,EUR,Monthly,2
1037,2025-02-18,Base Salary,3036.59,EUR,Monthly,1
1037,2025-02-18,Transport Allowance,50.61,EUR,Monthly,2
1038,2023-02-24,Base Salary,7493.15,EUR,Monthly,1
1038,2023-02-24,Transport Allowance,50.43,EUR,Monthly,2
1038,2023-12-28,Base Salary,7670.79,EUR,Monthly,1
1038,2023-12-28,Transport Allowance,50.43,EUR,Monthly,2
1038,2023-12-28,Car Allowance,500.0,EUR,Monthly,3
1039,2022-12-08,Base Salary,3539.01,EUR,Monthly,1
1039,2022-12-08,Transport Allowance,73.68,EUR,Monthly,2
1040,2016-07-03,Base Salary,3766.4,EUR,Monthly,1
1040,2016-07-03,Transport Allowance,63.96,EUR,Monthly,2
1040,2017-05-27,Base Salary,7206.54,EUR,Monthly,1
1040,2017-05-27,Transport Allowance,63.96,EUR,Monthly,2
1040,2017-05-27,Car Allowance,500.0,EUR,Monthly,3
1041,2024-09-03,Base Salary,3194.99,EUR,Monthly,1
1041,2024-09-03,Transport Allowance,45.03,EUR,Monthly,2
1042,2021-12-11,Base Salary,2685.65,EUR,Monthly,1
1042,2021-12-11,Transport Allowance,67.33,EUR,Monthly,2
1042,2022-10-25,Base Salary,3443.69,EUR,Monthly,1
1042,2022-10-25,Transport Allowance,67.33,EUR,Monthly,2
1043,2018-10-17,Base Salary,5873.66,EUR,Monthly,1
1043,2018-10-17,Transport Allowance,70.68,EUR,Monthly,2
1043,2019-07-16,Base Salary,7674.33,EUR,Monthly,1
1043,2019-07-16,Transport Allowance,70.68,EUR,Monthly,2
1044,2014-05-09,Base Salary,5885.82,EUR,Monthly,1
1044,2014-05-09,Transport Allowance,66.69,EUR,Monthly,2
1044,2015-03-21,Base Salary,7553.83,EUR,Monthly,1
1044,2015-03-21,Transport Allowance,66.69,EUR,Monthly,2
1044,2015-03-21,Car Allowance,400.0,EUR,Monthly,3
1045,2013-07-18,Base Salary,4937.04,EUR,Monthly,1
1045,2013-07-18,Transport Allowance,72.16,EUR,Monthly,2
1045,2013-07-18,Housing Allowance,252.53,EUR,Monthly,3
1045,2014-07-15,Base Salary,5839.65,EUR,Monthly,1
1045,2014-07-15,Transport Allowance,72.16,EUR,Monthly,2
1045,2014-07-15,Housing Allowance,213.94,EUR,Monthly,3
1046,2014-08-07,Base Salary,6685.17,EUR,Monthly,1
1046,2014-08-07,Transport Allowance,78.85,EUR,Monthly,2
1046,2015-08-16,Base Salary,6870.24,EUR,Monthly,1
1046,2015-08-16,Transport Allowance,78.85,EUR,Monthly,2
1046,2015-08-16,Car Allowance,500.0,EUR,Monthly,3
1047,2019-03-08,Base Salary,7570.9,EUR,Monthly,1
1047,2019-03-08,Transport Allowance,58.56,EUR,Monthly,2
1047,2019-03-08,Housing Allowance,315.3,EUR,Monthly,3
1047,2020-02-04,Base Salary,8048.79,EUR,Monthly,1
1047,2020-02-04,Transport Allowance,58.56,EUR,Monthly,2
1047,2020-02-04,Housing Allowance,368.46,EUR,Monthly,3
1048,2018-06-29,Base Salary,2662.69,EUR,Monthly,1
1048,2018-06-29,Transport Allowance,50.39,EUR,Monthly,2
1048,2019-05-01,Base Salary,4336.32,EUR,Monthly,1
1048,2019-05-01,Transport Allowance,50.39,EUR,Monthly,2
1049,2020-12-31,Base Salary,2850.55,EUR,Monthly,1
1049,2020-12-31,Transport Allowance,56.29,EUR,Monthly,2
1049,2021-12-18,Base Salary,3868.42,EUR,Monthly,1
1049,2021-12-18,Transport Allowance,56.29,EUR,Monthly,2
1050,2012-03-12,Base Salary,6094.56,EUR,Monthly,1
1050,2012-03-12,Transport Allowance,56.27,EUR,Monthly,2
1050,2012-03-12,Housing Allowance,221.18,EUR,Monthly,3
1050,2013-03-01,Base Salary,8049.46,EUR,Monthly,1
1050,2013-03-01,Transport Allowance,56.27,EUR,Monthly,2
1050,2013-03-01,Housing Allowance,214.67,EUR,Monthly,3
1051,2021-02-18,Base Salary,4709.53,EUR,Monthly,1
1051,2021-02-18,Transport Allowance,74.23,EUR,Monthly,2
1051,2021-12-01,Base Salary,6185.31,EUR,Monthly,1
1051,2021-12-01,Transport Allowance,74.23,EUR,Monthly,2
1051,2021-12-01,Housing Allowance,239.3,EUR,Monthly,3
1052,2022-11-26,Base Salary,3382.92,EUR,Monthly,1
1052,2022-11-26,Transport Allowance,46.09,EUR,Monthly,2
1052,2023-09-05,Base Salary,3685.62,EUR,Monthly,1
1052,2023-09-05,Transport Allowance,46.09,EUR,Monthly,2
1053,2016-12-28,Base Salary,3786.13,EUR,Monthly,1
1053,2016-12-28,Transport Allowance,61.99,EUR,Monthly,2
1053,2017-10-06,Base Salary,7299.7,EUR,Monthly,1
1053,2017-10-06,Transport Allowance,61.99,EUR,Monthly,2
1053,2017-10-06,Car Allowance,400.0,EUR,Monthly,3
1053,2017-10-06,Housing Allowance,207.0,EUR,Monthly,4
1054,2019-09-20,Base Salary,4226.88,EUR,Monthly,1
1054,2019-09-20,Transport Allowance,67.46,EUR,Monthly,2
1054,2020-08-04,Base Salary,5423.12,EUR,Monthly,1
1054,2020-08-04,Transport Allowance,67.46,EUR,Monthly,2
1055,2024-03-29,Base Salary,9679.85,EUR,Monthly,1
1055,2024-03-29,Transport Allowance,68.03,EUR,Monthly,2
1055,2024-03-29,Housing Allowance,315.68,EUR,Monthly,3
1056,2024-12-17,Base Salary,3692.3,EUR,Monthly,1
1056,2024-12-17,Transport Allowance,69.55,EUR,Monthly,2
1057,2013-10-23,Base Salary,3102.76,EUR,Monthly,1
1057,2013-10-23,Transport Allowance,53.96,EUR,Monthly,2
1057,2014-09-04,Base Salary,8122.59,EUR,Monthly,1
1057,2014-09-04,Transport Allowance,53.96,EUR,Monthly,2
1057,2014-09-04,Housing Allowance,248.56,EUR,Monthly,3
1058,2020-08-20,Base Salary,3074.66,EUR,Monthly,1
1058,2020-08-20,Transport Allowance,70.12,EUR,Monthly,2
1058,2021-05-18,Base Salary,4550.74,EUR,Monthly,1
1058,2021-05-18,Transport Allowance,70.12,EUR,Monthly,2
1059,2018-05-12,Base Salary,4429.66,EUR,Monthly,1
1059,2018-05-12,Transport Allowance,77.56,EUR,Monthly,2
1059,2019-03-04,Base Salary,7299.38,EUR,Monthly,1
1059,2019-03-04,Transport Allowance,77.56,EUR,Monthly,2
1060,2021-01-08,Base Salary,3375.69,EUR,Monthly,1
1060,2021-01-08,Transport Allowance,67.95,EUR,Monthly,2
1060,2022-01-19,Base Salary,4441.03,EUR,Monthly,1
1060,2022-01-19,Transport Allowance,67.95,EUR,Monthly,2
1061,2017-07-07,Base Salary,3095.16,EUR,Monthly,1
1061,2017-07-07,Transport Allowance,47.8,EUR,Monthly,2
1061,2018-07-14,Base Salary,5965.72,EUR,Monthly,1
1061,2018-07-14,Transport Allowance,47.8,EUR,Monthly,2
1062,2013-11-26,Base Salary,8700.91,EUR,Monthly,1
1062,2013-11-26,Transport Allowance,67.36,EUR,Monthly,2
1062,2014-10-08,Base Salary,8715.4,EUR,Monthly,1
1062,2014-10-08,Transport Allowance,67.36,EUR,Monthly,2
1062,2014-10-08,Car Allowance,500.0,EUR,Monthly,3
1063,2016-01-27,Base Salary,6235.99,EUR,Monthly,1
1063,2016-01-27,Transport Allowance,64.53,EUR,Monthly,2
1063,2016-12-15,Base Salary,10287.02,EUR,Monthly,1
1063,2016-12-15,Transport Allowance,64.53,EUR,Monthly,2
1064,2021-08-26,Base Salary,2973.03,EUR,Monthly,1
1064,2021-08-26,Transport Allowance,73.77,EUR,Monthly,2
1064,2022-09-01,Base Salary,4244.38,EUR,Monthly,1
1064,2022-09-01,Transport Allowance,73.77,EUR,Monthly,2
1065,2024-06-13,Base Salary,2830.82,EUR,Monthly,1
1065,2024-06-13,Transport Allowance,69.8,EUR,Monthly,2
1066,2024-12-09,Base Salary,17301.86,EUR,Monthly,1
1066,2024-12-09,Transport Allowance,73.83,EUR,Monthly,2
1066,2024-12-09,Housing Allowance,258.48,EUR,Monthly,3
1067,2023-03-23,Base Salary,4081.78,EUR,Monthly,1
1067,2023-03-23,Transport Allowance,46.42,EUR,Monthly,2
1067,2023-12-27,Base Salary,4363.22,EUR,Monthly,1
1067,2023-12-27,Transport Allowance,46.42,EUR,Monthly,2
1068,2014-10-23,Base Salary,8211.67,EUR,Monthly,1
1068,2014-10-23,Transport Allowance,74.21,EUR,Monthly,2
1068,2014-10-23,Housing Allowance,217.15,EUR,Monthly,3
1068,2015-08-16,Base Salary,8927.41,EUR,Monthly,1
1068,2015-08-16,Transport Allowance,74.21,EUR,Monthly,2
1068,2015-08-16,Housing Allowance,411.33,EUR,Monthly,3
1069,2022-04-27,Base Salary,3592.14,EUR,Monthly,1
1069,2022-04-27,Transport Allowance,48.4,EUR,Monthly,2
1070,2021-03-05,Base Salary,5021.67,EUR,Monthly,1
1070,2021-03-05,Transport Allowance,70.38,EUR,Monthly,2
1070,2022-02-06,Base Salary,6784.88,EUR,Monthly,1
1070,2022-02-06,Transport Allowance,70.38,EUR,Monthly,2
1071,2017-04-20,Base Salary,3387.65,EUR,Monthly,1
1071,2017-04-20,Transport Allowance,58.49,EUR,Monthly,2
1071,2018-02-08,Base Salary,7231.77,EUR,Monthly,1
1071,2018-02-08,Transport Allowance,58.49,EUR,Monthly,2
1071,2018-02-08,Car Allowance,450.0,EUR,Monthly,3
1072,2023-01-21,Base Salary,4181.88,EUR,Monthly,1
1072,2023-01-21,Transport Allowance,63.42,EUR,Monthly,2
1073,2020-10-21,Base Salary,3329.36,EUR,Monthly,1
1073,2020-10-21,Transport Allowance,53.71,EUR,Monthly,2
1073,2021-10-06,Base Salary,4643.78,EUR,Monthly,1
1073,2021-10-06,Transport Allowance,53.71,EUR,Monthly,2
1074,2016-03-20,Base Salary,2820.87,EUR,Monthly,1
1074,2016-03-20,Transport Allowance,78.16,EUR,Monthly,2
1074,2017-02-24,Base Salary,5806.66,EUR,Monthly,1
1074,2017-02-24,Transport Allowance,78.16,EUR,Monthly,2
1075,2017-10-01,Base Salary,5992.19,EUR,Monthly,1
1075,2017-10-01,Transport Allowance,71.22,EUR,Monthly,2
1075,2018-08-20,Base Salary,10870.69,EUR,Monthly,1
1075,2018-08-20,Transport Allowance,71.22,EUR,Monthly,2
1076,2021-06-03,Base Salary,3728.49,EUR,Monthly,1
1076,2021-06-03,Transport Allowance,71.11,EUR,Monthly,2
1076,2022-06-06,Base Salary,4902.92,EUR,Monthly,1
1076,2022-06-06,Transport Allowance,71.11,EUR,Monthly,2
1077,2015-09-30,Base Salary,3239.86,EUR,Monthly,1
1077,2015-09-30,Transport Allowance,67.35,EUR,Monthly,2
1077,2016-08-10,Base Salary,7423.1,EUR,Monthly,1
1077,2016-08-10,Transport Allowance,67.35,EUR,Monthly,2
1077,2016-08-10,Car Allowance,500.0,EUR,Monthly,3
1077,2016-08-10,Housing Allowance,348.39,EUR,Monthly,4
1078,2024-01-16,Base Salary,3023.68,EUR,Monthly,1
1078,2024-01-16,Transport Allowance,69.59,EUR,Monthly,2
1079,2015-11-23,Base Salary,4084.71,EUR,Monthly,1
1079,2015-11-23,Transport Allowance,59.95,EUR,Monthly,2
1079,2016-09-01,Base Salary,9879.92,EUR,Monthly,1
1079,2016-09-01,Transport Allowance,59.95,EUR,Monthly,2
1079,2016-09-01,Car Allowance,400.0,EUR,Monthly,3
1080,2017-08-15,Base Salary,7493.6,EUR,Monthly,1
1080,2017-08-15,Transport Allowance,50.84,EUR,Monthly,2
1080,2017-08-15,Housing Allowance,239.69,EUR,Monthly,3
1080,2018-07-02,Base Salary,9303.16,EUR,Monthly,1
1080,2018-07-02,Transport Allowance,50.84,EUR,Monthly,2
1080,2018-07-02,Car Allowance,350.0,EUR,Monthly,3
1080,2018-07-02,Housing Allowance,311.03,EUR,Monthly,4
1081,2016-01-18,Base Salary,3892.09,EUR,Monthly,1
1081,2016-01-18,Transport Allowance,68.01,EUR,Monthly,2
1081,2016-12-21,Base Salary,7236.6,EUR,Monthly,1
1081,2016-12-21,Transport Allowance,68.01,EUR,Monthly,2
1081,2016-12-21,Car Allowance,500.0,EUR,Monthly,3
1081,2016-12-21,Housing Allowance,419.66,EUR,Monthly,4
1082,2020-04-04,Base Salary,9990.45,EUR,Monthly,1
1082,2020-04-04,Transport Allowance,60.51,EUR,Monthly,2
1082,2020-04-04,Housing Allowance,277.51,EUR,Monthly,3
1083,2014-04-02,Base Salary,7417.65,EUR,Monthly,1
1083,2014-04-02,Transport Allowance,56.03,EUR,Monthly,2
1083,2015-02-07,Base Salary,8198.67,EUR,Monthly,1
1083,2015-02-07,Transport Allowance,56.03,EUR,Monthly,2
1083,2015-02-07,Car Allowance,500.0,EUR,Monthly,3
1084,2020-01-16,Base Salary,3929.12,EUR,Monthly,1
1084,2020-01-16,Transport Allowance,74.57,EUR,Monthly,2
1084,2020-12-03,Base Salary,5219.97,EUR,Monthly,1
1084,2020-12-03,Transport Allowance,74.57,EUR,Monthly,2
1085,2018-12-04,Base Salary,3976.81,EUR,Monthly,1
1085,2018-12-04,Transport Allowance,71.75,EUR,Monthly,2
1085,2019-10-25,Base Salary,8215.47,EUR,Monthly,1
1085,2019-10-25,Transport Allowance,71.75,EUR,Monthly,2
1085,2019-10-25,Car Allowance,350.0,EUR,Monthly,3
1086,2013-08-25,Base Salary,3476.23,EUR,Monthly,1
1086,2013-08-25,Transport Allowance,73.92,EUR,Monthly,2
1086,2014-07-02,Base Salary,8547.8,EUR,Monthly,1
1086,2014-07-02,Transport Allowance,73.92,EUR,Monthly,2
1086,2014-07-02,Housing Allowance,333.85,EUR,Monthly,3
1087,2018-01-10,Base Salary,5652.74,EUR,Monthly,1
1087,2018-01-10,Transport Allowance,64.71,EUR,Monthly,2
1087,2018-11-03,Base Salary,6903.55,EUR,Monthly,1
1087,2018-11-03,Transport Allowance,64.71,EUR,Monthly,2
1087,2018-11-03,Car Allowance,350.0,EUR,Monthly,3
1088,2019-12-11,Base Salary,10623.81,EUR,Monthly,1
1088,2019-12-11,Transport Allowance,58.13,EUR,Monthly,2
1089,2023-02-12,Base Salary,3153.21,EUR,Monthly,1
1089,2023-02-12,Transport Allowance,64.26,EUR,Monthly,2
1089,2024-02-12,Base Salary,3338.23,EUR,Monthly,1
1089,2024-02-12,Transport Allowance,64.26,EUR,Monthly,2
1090,2013-01-11,Base Salary,4245.58,EUR,Monthly,1
1090,2013-01-11,Transport Allowance,53.89,EUR,Monthly,2
1090,2013-12-04,Base Salary,7223.08,EUR,Monthly,1
1090,2013-12-04,Transport Allowance,53.89,EUR,Monthly,2
1091,2017-10-09,Base Salary,3309.49,EUR,Monthly,1
1091,2017-10-09,Transport Allowance,60.66,EUR,Monthly,2
1091,2018-08-25,Base Salary,6373.75,EUR,Monthly,1
1091,2018-08-25,Transport Allowance,60.66,EUR,Monthly,2
1092,2015-04-05,Base Salary,4823.07,EUR,Monthly,1
1092,2015-04-05,Transport Allowance,45.01,EUR,Monthly,2
1092,2016-01-04,Base Salary,8322.42,EUR,Monthly,1
1092,2016-01-04,Transport Allowance,45.01,EUR,Monthly,2
1092,2016-01-04,Car Allowance,450.0,EUR,Monthly,3
1093,2019-08-19,Base Salary,3152.99,EUR,Monthly,1
1093,2019-08-19,Transport Allowance,79.4,EUR,Monthly,2
1093,2020-07-30,Base Salary,4209.82,EUR,Monthly,1
1093,2020-07-30,Transport Allowance,79.4,EUR,Monthly,2
1094,2015-02-14,Base Salary,5924.68,EUR,Monthly,1
1094,2015-02-14,Transport Allowance,45.57,EUR,Monthly,2
1094,2015-11-28,Base Salary,10730.13,EUR,Monthly,1
1094,2015-11-28,Transport Allowance,45.57,EUR,Monthly,2
1095,2016-04-01,Base Salary,3887.87,EUR,Monthly,1
1095,2016-04-01,Transport Allowance,79.77,EUR,Monthly,2
1095,2017-02-03,Base Salary,7215.16,EUR,Monthly,1
1095,2017-02-03,Transport Allowance,79.77,EUR,Monthly,2
1095,2017-02-03,Car Allowance,400.0,EUR,Monthly,3
1095,2017-02-03,Housing Allowance,201.45,EUR,Monthly,4
1096,2021-05-12,Base Salary,6725.63,EUR,Monthly,1
1096,2021-05-12,Transport Allowance,79.45,EUR,Monthly,2
1096,2022-03-05,Base Salary,7233.16,EUR,Monthly,1
1096,2022-03-05,Transport Allowance,79.45,EUR,Monthly,2
1097,2023-02-04,Base Salary,2895.84,EUR,Monthly,1
1097,2023-02-04,Transport Allowance,74.95,EUR,Monthly,2
1098,2013-08-02,Base Salary,3920.35,EUR,Monthly,1
1098,2013-08-02,Transport Allowance,45.76,EUR,Monthly,2
1098,2014-08-12,Base Salary,10048.17,EUR,Monthly,1
1098,2014-08-12,Transport Allowance,45.76,EUR,Monthly,2
1098,2014-08-12,Housing Allowance,407.54,EUR,Monthly,3
1099,2018-11-30,Base Salary,4516.03,EUR,Monthly,1
1099,2018-11-30,Transport Allowance,73.78,EUR,Monthly,2
1099,2019-11-05,Base Salary,7370.17,EUR,Monthly,1
1099,2019-11-05,Transport Allowance,73.78,EUR,Monthly,2
1099,2019-11-05,Housing Allowance,312.48,EUR,Monthly,3
1100,2015-08-21,Base Salary,6556.18,EUR,Monthly,1
1100,2015-08-21,Transport Allowance,64.97,EUR,Monthly,2
1100,2016-07-29,Base Salary,10543.45,EUR,Monthly,1
1100,2016-07-29,Transport Allowance,64.97,EUR,Monthly,2
1101,2014-10-20,Base Salary,2928.0,EUR,Monthly,1
1101,2014-10-20,Transport Allowance,50.42,EUR,Monthly,2
1101,2015-07-21,Base Salary,6536.19,EUR,Monthly,1
1101,2015-07-21,Transport Allowance,50.42,EUR,Monthly,2
1102,2018-08-22,Base Salary,6127.76,EUR,Monthly,1
1102,2018-08-22,Transport Allowance,61.11,EUR,Monthly,2
1102,2019-06-07,Base Salary,9712.4,EUR,Monthly,1
1102,2019-06-07,Transport Allowance,61.11,EUR,Monthly,2
1102,2019-06-07,Housing Allowance,230.45,EUR,Monthly,3
1103,2016-11-07,Base Salary,3725.71,EUR,Monthly,1
1103,2016-11-07,Transport Allowance,57.85,EUR,Monthly,2
1103,2017-10-17,Base Salary,7018.71,EUR,Monthly,1
1103,2017-10-17,Transport Allowance,57.85,EUR,Monthly,2
1103,2017-10-17,Car Allowance,500.0,EUR,Monthly,3
1104,2024-06-05,Base Salary,4306.54,EUR,Monthly,1
1104,2024-06-05,Transport Allowance,53.74,EUR,Monthly,2
1105,2024-03-22,Base Salary,3273.23,EUR,Monthly,1
1105,2024-03-22,Transport Allowance,53.97,EUR,Monthly,2
1105,2025-01-24,Base Salary,3324.28,EUR,Monthly,1
1105,2025-01-24,Transport Allowance,53.97,EUR,Monthly,2
1106,2015-03-25,Base Salary,4321.35,EUR,Monthly,1
1106,2015-03-25,Transport Allowance,48.22,EUR,Monthly,2
1106,2016-02-09,Base Salary,11161.03,EUR,Monthly,1
1106,2016-02-09,Transport Allowance,48.22,EUR,Monthly,2
1106,2016-02-09,Housing Allowance,325.19,EUR,Monthly,3
1107,2012-12-29,Base Salary,2884.31,EUR,Monthly,1
1107,2012-12-29,Transport Allowance,52.61,EUR,Monthly,2
1107,2013-10-04,Base Salary,6433.07,EUR,Monthly,1
1107,2013-10-04,Transport Allowance,52.61,EUR,Monthly,2
1107,2013-10-04,Car Allowance,450.0,EUR,Monthly,3
1108,2021-03-23,Base Salary,3143.88,EUR,Monthly,1
1108,2021-03-23,Transport Allowance,70.33,EUR,Monthly,2
1108,2022-03-29,Base Salary,4543.76,EUR,Monthly,1
1108,2022-03-29,Transport Allowance,70.33,EUR,Monthly,2
1109,2017-05-02,Base Salary,7312.38,EUR,Monthly,1
1109,2017-05-02,Transport Allowance,61.89,EUR,Monthly,2
1109,2018-03-30,Base Salary,9871.57,EUR,Monthly,1
1109,2018-03-30,Transport Allowance,61.89,EUR,Monthly,2
1109,2018-03-30,Car Allowance,350.0,EUR,Monthly,3
1110,2021-12-08,Base Salary,5159.24,EUR,Monthly,1
1110,2021-12-08,Transport Allowance,73.9,EUR,Monthly,2
1110,2022-12-01,Base Salary,6941.5,EUR,Monthly,1
1110,2022-12-01,Transport Allowance,73.9,EUR,Monthly,2
1111,2021-01-13,Base Salary,3595.11,EUR,Monthly,1
1111,2021-01-13,Transport Allowance,69.6,EUR,Monthly,2
1111,2022-01-22,Base Salary,5254.22,EUR,Monthly,1
1111,2022-01-22,Transport Allowance,69.6,EUR,Monthly,2
1112,2020-08-21,Base Salary,5318.58,EUR,Monthly,1
1112,2020-08-21,Transport Allowance,76.77,EUR,Monthly,2
1112,2020-08-21,Housing Allowance,330.95,EUR,Monthly,3
1112,2021-06-25,Base Salary,6396.65,EUR,Monthly,1
1112,2021-06-25,Transport Allowance,76.77,EUR,Monthly,2
1112,2021-06-25,Housing Allowance,208.22,EUR,Monthly,3
1113,2013-03-01,Base Salary,2846.03,EUR,Monthly,1
1113,2013-03-01,Transport Allowance,73.29,EUR,Monthly,2
1113,2014-01-13,Base Salary,7078.89,EUR,Monthly,1
1113,2014-01-13,Transport Allowance,73.29,EUR,Monthly,2
1114,2016-01-01,Base Salary,5247.39,EUR,Monthly,1
1114,2016-01-01,Transport Allowance,47.75,EUR,Monthly,2
1114,2016-10-04,Base Salary,6812.79,EUR,Monthly,1
1114,2016-10-04,Transport Allowance,47.75,EUR,Monthly,2
1115,2021-09-09,Base Salary,3406.94,EUR,Monthly,1
1115,2021-09-09,Transport Allowance,77.27,EUR,Monthly,2
1115,2022-07-18,Base Salary,4724.79,EUR,Monthly,1
1115,2022-07-18,Transport Allowance,77.27,EUR,Monthly,2
1116,2022-02-11,Base Salary,3235.71,EUR,Monthly,1
1116,2022-02-11,Transport Allowance,57.18,EUR,Monthly,2
1116,2023-02-20,Base Salary,4183.89,EUR,Monthly,1
1116,2023-02-20,Transport Allowance,57.18,EUR,Monthly,2
1117,2013-05-24,Base Salary,4278.71,EUR,Monthly,1
1117,2013-05-24,Transport Allowance,60.2,EUR,Monthly,2
1117,2014-03-05,Base Salary,9720.9,EUR,Monthly,1
1117,2014-03-05,Transport Allowance,60.2,EUR,Monthly,2
1118,2021-12-05,Base Salary,4046.36,EUR,Monthly,1
1118,2021-12-05,Transport Allowance,75.44,EUR,Monthly,2
1118,2022-09-30,Base Salary,5699.74,EUR,Monthly,1
1118,2022-09-30,Transport Allowance,75.44,EUR,Monthly,2
1119,2017-05-19,Base Salary,3267.22,EUR,Monthly,1
1119,2017-05-19,Transport Allowance,71.17,EUR,Monthly,2
1119,2018-06-01,Base Salary,5939.05,EUR,Monthly,1
1119,2018-06-01,Transport Allowance,71.17,EUR,Monthly,2
1119,2018-06-01,Housing Allowance,332.51,EUR,Monthly,3
1120,2023-05-24,Base Salary,7631.79,EUR,Monthly,1
1120,2023-05-24,Transport Allowance,45.4,EUR,Monthly,2
1120,2023-05-24,Housing Allowance,371.03,EUR,Monthly,3
1121,2016-07-08,Base Salary,6811.76,EUR,Monthly,1
1121,2016-07-08,Transport Allowance,58.39,EUR,Monthly,2
1121,2016-07-08,Housing Allowance,267.05,EUR,Monthly,3
1121,2017-04-09,Base Salary,9091.18,EUR,Monthly,1
1121,2017-04-09,Transport Allowance,58.39,EUR,Monthly,2
1121,2017-04-09,Housing Allowance,270.25,EUR,Monthly,3
1122,2023-06-05,Base Salary,6694.16,EUR,Monthly,1
1122,2023-06-05,Transport Allowance,64.77,EUR,Monthly,2
1122,2024-04-11,Base Salary,6735.66,EUR,Monthly,1
1122,2024-04-11,Transport Allowance,64.77,EUR,Monthly,2
1123,2019-10-12,Base Salary,3222.16,EUR,Monthly,1
1123,2019-10-12,Transport Allowance,62.58,EUR,Monthly,2
1123,2020-08-05,Base Salary,4824.63,EUR,Monthly,1
1123,2020-08-05,Transport Allowance,62.58,EUR,Monthly,2
1124,2013-03-26,Base Salary,3167.44,EUR,Monthly,1
1124,2013-03-26,Transport Allowance,50.36,EUR,Monthly,2
1124,2014-03-17,Base Salary,6787.45,EUR,Monthly,1
1124,2014-03-17,Transport Allowance,50.36,EUR,Monthly,2
1124,2014-03-17,Car Allowance,450.0,EUR,Monthly,3
1125,2022-07-26,Base Salary,3443.25,EUR,Monthly,1
1125,2022-07-26,Transport Allowance,70.61,EUR,Monthly,2
1126,2013-03-31,Base Salary,3758.68,EUR,Monthly,1
1126,2013-03-31,Transport Allowance,58.75,EUR,Monthly,2
1126,2014-02-21,Base Salary,8992.47,EUR,Monthly,1
1126,2014-02-21,Transport Allowance,58.75,EUR,Monthly,2
1127,2016-07-05,Base Salary,3693.13,EUR,Monthly,1
1127,2016-07-05,Transport Allowance,71.35,EUR,Monthly,2
1127,2017-06-13,Base Salary,7427.19,EUR,Monthly,1
1127,2017-06-13,Transport Allowance,71.35,EUR,Monthly,2
1127,2017-06-13,Housing Allowance,311.04,EUR,Monthly,3
1128,2013-03-03,Base Salary,17791.19,EUR,Monthly,1
1128,2013-03-03,Transport Allowance,52.77,EUR,Monthly,2
1128,2013-03-03,Housing Allowance,263.75,EUR,Monthly,3
1129,2016-11-05,Base Salary,3825.47,EUR,Monthly,1
1129,2016-11-05,Transport Allowance,58.8,EUR,Monthly,2
1129,2017-08-18,Base Salary,6516.47,EUR,Monthly,1
1129,2017-08-18,Transport Allowance,58.8,EUR,Monthly,2
1130,2021-03-29,Base Salary,7580.07,EUR,Monthly,1
1130,2021-03-29,Transport Allowance,56.77,EUR,Monthly,2
1130,2021-03-29,Housing Allowance,304.69,EUR,Monthly,3
1131,2023-02-15,Base Salary,4261.06,EUR,Monthly,1
1131,2023-02-15,Transport Allowance,71.09,EUR,Monthly,2
1132,2021-06-08,Base Salary,3223.51,EUR,Monthly,1
1132,2021-06-08,Transport Allowance,64.19,EUR,Monthly,2
1132,2022-04-07,Base Salary,4964.83,EUR,Monthly,1
1132,2022-04-07,Transport Allowance,64.19,EUR,Monthly,2
1133,2013-10-05,Base Salary,5624.98,EUR,Monthly,1
1133,2013-10-05,Transport Allowance,47.98,EUR,Monthly,2
1133,2014-09-04,Base Salary,12153.67,EUR,Monthly,1
1133,2014-09-04,Transport Allowance,47.98,EUR,Monthly,2
1133,2014-09-04,Car Allowance,500.0,EUR,Monthly,3
1134,2013-12-18,Base Salary,3091.71,EUR,Monthly,1
1134,2013-12-18,Transport Allowance,60.21,EUR,Monthly,2
1134,2014-12-12,Base Salary,6654.04,EUR,Monthly,1
1134,2014-12-12,Transport Allowance,60.21,EUR,Monthly,2
1135,2021-05-30,Base Salary,2894.13,EUR,Monthly,1
1135,2021-05-30,Transport Allowance,49.56,EUR,Monthly,2
1135,2022-03-13,Base Salary,4014.9,EUR,Monthly,1
1135,2022-03-13,Transport Allowance,49.56,EUR,Monthly,2
1136,2016-10-16,Base Salary,6017.69,EUR,Monthly,1
1136,2016-10-16,Transport Allowance,61.83,EUR,Monthly,2
1136,2017-08-07,Base Salary,10317.21,EUR,Monthly,1
1136,2017-08-07,Transport Allowance,61.83,EUR,Monthly,2
1136,2017-08-07,Car Allowance,400.0,EUR,Monthly,3
1136,2017-08-07,Housing Allowance,307.33,EUR,Monthly,4
1137,2024-03-17,Base Salary,4478.41,EUR,Monthly,1
1137,2024-03-17,Transport Allowance,67.83,EUR,Monthly,2
1138,2023-09-11,Base Salary,3917.14,EUR,Monthly,1
1138,2023-09-11,Transport Allowance,51.86,EUR,Monthly,2
1139,2020-04-23,Base Salary,3972.03,EUR,Monthly,1
1139,2020-04-23,Transport Allowance,66.56,EUR,Monthly,2
1139,2021-04-22,Base Salary,5144.06,EUR,Monthly,1
1139,2021-04-22,Transport Allowance,66.56,EUR,Monthly,2
1139,2021-04-22,Housing Allowance,315.33,EUR,Monthly,3
1140,2013-07-27,Base Salary,5519.29,EUR,Monthly,1
1140,2013-07-27,Transport Allowance,53.48,EUR,Monthly,2
1140,2014-05-27,Base Salary,9616.25,EUR,Monthly,1
1140,2014-05-27,Transport Allowance,53.48,EUR,Monthly,2
1140,2014-05-27,Housing Allowance,370.89,EUR,Monthly,3
1141,2016-09-15,Base Salary,5731.24,EUR,Monthly,1
1141,2016-09-15,Transport Allowance,56.32,EUR,Monthly,2
1141,2017-08-24,Base Salary,7767.71,EUR,Monthly,1
1141,2017-08-24,Transport Allowance,56.32,EUR,Monthly,2
1141,2017-08-24,Car Allowance,350.0,EUR,Monthly,3
1142,2017-09-03,Base Salary,14896.68,EUR,Monthly,1
1142,2017-09-03,Transport Allowance,48.14,EUR,Monthly,2
1142,2017-09-03,Housing Allowance,347.78,EUR,Monthly,3
1143,2016-06-15,Base Salary,4486.89,EUR,Monthly,1
1143,2016-06-15,Transport Allowance,59.82,EUR,Monthly,2
1143,2017-04-25,Base Salary,7844.7,EUR,Monthly,1
1143,2017-04-25,Transport Allowance,59.82,EUR,Monthly,2
1144,2019-07-08,Base Salary,4298.11,EUR,Monthly,1
1144,2019-07-08,Transport Allowance,51.67,EUR,Monthly,2
1144,2020-05-17,Base Salary,6214.56,EUR,Monthly,1
1144,2020-05-17,Transport Allowance,51.67,EUR,Monthly,2
1145,2019-04-11,Base Salary,10277.17,EUR,Monthly,1
1145,2019-04-11,Transport Allowance,65.79,EUR,Monthly,2
1146,2013-04-12,Base Salary,4531.94,EUR,Monthly,1
1146,2013-04-12,Transport Allowance,45.85,EUR,Monthly,2
1146,2014-02-15,Base Salary,8202.41,EUR,Monthly,1
1146,2014-02-15,Transport Allowance,45.85,EUR,Monthly,2
1147,2012-08-11,Base Salary,3156.58,EUR,Monthly,1
1147,2012-08-11,Transport Allowance,50.92,EUR,Monthly,2
1147,2013-06-21,Base Salary,7235.63,EUR,Monthly,1
1147,2013-06-21,Transport Allowance,50.92,EUR,Monthly,2
1147,2013-06-21,Car Allowance,400.0,EUR,Monthly,3
1147,2013-06-21,Housing Allowance,335.57,EUR,Monthly,4
1148,2021-05-26,Base Salary,7291.92,EUR,Monthly,1
1148,2021-05-26,Transport Allowance,79.66,EUR,Monthly,2
1148,2021-05-26,Housing Allowance,297.29,EUR,Monthly,3
1148,2022-03-10,Base Salary,7802.2,EUR,Monthly,1
1148,2022-03-10,Transport Allowance,79.66,EUR,Monthly,2
1148,2022-03-10,Housing Allowance,296.9,EUR,Monthly,3
1149,2014-03-02,Base Salary,6592.53,EUR,Monthly,1
1149,2014-03-02,Transport Allowance,77.35,EUR,Monthly,2
1149,2014-03-02,Housing Allowance,251.37,EUR,Monthly,3
1149,2015-02-22,Base Salary,7899.13,EUR,Monthly,1
1149,2015-02-22,Transport Allowance,77.35,EUR,Monthly,2
1149,2015-02-22,Car Allowance,450.0,EUR,Monthly,3
1149,2015-02-22,Housing Allowance,282.24,EUR,Monthly,4
1150,2018-03-15,Base Salary,4508.52,EUR,Monthly,1
1150,2018-03-15,Transport Allowance,71.52,EUR,Monthly,2
1150,2019-03-29,Base Salary,7227.36,EUR,Monthly,1
1150,2019-03-29,Transport Allowance,71.52,EUR,Monthly,2
1151,2015-07-29,Base Salary,5329.58,EUR,Monthly,1
1151,2015-07-29,Transport Allowance,48.0,EUR,Monthly,2
1151,2016-07-27,Base Salary,8560.29,EUR,Monthly,1
1151,2016-07-27,Transport Allowance,48.0,EUR,Monthly,2
1151,2016-07-27,Car Allowance,350.0,EUR,Monthly,3
1151,2016-07-27,Housing Allowance,212.0,EUR,Monthly,4
1152,2023-05-07,Base Salary,3082.39,EUR,Monthly,1
1152,2023-05-07,Transport Allowance,78.21,EUR,Monthly,2
1152,2024-02-19,Base Salary,3181.87,EUR,Monthly,1
1152,2024-02-19,Transport Allowance,78.21,EUR,Monthly,2
1153,2021-07-10,Base Salary,3457.52,EUR,Monthly,1
1153,2021-07-10,Transport Allowance,75.41,EUR,Monthly,2
1153,2022-07-19,Base Salary,4546.14,EUR,Monthly,1
1153,2022-07-19,Transport Allowance,75.41,EUR,Monthly,2
1154,2024-10-01,Base Salary,3334.42,EUR,Monthly,1
1154,2024-10-01,Transport Allowance,55.07,EUR,Monthly,2
1155,2014-10-06,Base Salary,3349.74,EUR,Monthly,1
1155,2014-10-06,Transport Allowance,57.01,EUR,Monthly,2
1155,2015-10-13,Base Salary,7746.24,EUR,Monthly,1
1155,2015-10-13,Transport Allowance,57.01,EUR,Monthly,2
1156,2012-06-03,Base Salary,5749.21,EUR,Monthly,1
1156,2012-06-03,Transport Allowance,48.89,EUR,Monthly,2
1156,2013-04-26,Base Salary,13370.05,EUR,Monthly,1
1156,2013-04-26,Transport Allowance,48.89,EUR,Monthly,2
1157,2017-08-26,Base Salary,7411.06,EUR,Monthly,1
1157,2017-08-26,Transport Allowance,61.49,EUR,Monthly,2
1157,2018-07-04,Base Salary,8268.94,EUR,Monthly,1
1157,2018-07-04,Transport Allowance,61.49,EUR,Monthly,2
1158,2024-07-03,Base Salary,7250.91,EUR,Monthly,1
1158,2024-07-03,Transport Allowance,52.32,EUR,Monthly,2
1158,2024-07-03,Housing Allowance,318.36,EUR,Monthly,3
1159,2014-09-16,Base Salary,3420.54,EUR,Monthly,1
1159,2014-09-16,Transport Allowance,52.13,EUR,Monthly,2
1159,2015-08-18,Base Salary,9065.17,EUR,Monthly,1
1159,2015-08-18,Transport Allowance,52.13,EUR,Monthly,2
1160,2012-08-28,Base Salary,3215.75,EUR,Monthly,1
1160,2012-08-28,Transport Allowance,71.26,EUR,Monthly,2
1160,2013-08-03,Base Salary,7477.33,EUR,Monthly,1
1160,2013-08-03,Transport Allowance,71.26,EUR,Monthly,2
1161,2015-05-25,Base Salary,6365.94,EUR,Monthly,1
1161,2015-05-25,Transport Allowance,61.91,EUR,Monthly,2
1161,2015-05-25,Housing Allowance,360.58,EUR,Monthly,3
1162,2017-03-11,Base Salary,4056.4,EUR,Monthly,1
1162,2017-03-11,Transport Allowance,49.95,EUR,Monthly,2
1162,2018-03-05,Base Salary,8296.55,EUR,Monthly,1
1162,2018-03-05,Transport Allowance,49.95,EUR,Monthly,2
1162,2018-03-05,Housing Allowance,347.02,EUR,Monthly,3
1163,2012-05-27,Base Salary,4211.43,EUR,Monthly,1
1163,2012-05-27,Transport Allowance,58.18,EUR,Monthly,2
1163,2013-05-16,Base Salary,7070.33,EUR,Monthly,1
1163,2013-05-16,Transport Allowance,58.18,EUR,Monthly,2
1163,2013-05-16,Car Allowance,500.0,EUR,Monthly,3
1164,2017-08-01,Base Salary,4915.1,EUR,Monthly,1
1164,2017-08-01,Transport Allowance,63.44,EUR,Monthly,2
1164,2018-05-30,Base Salary,5911.58,EUR,Monthly,1
1164,2018-05-30,Transport Allowance,63.44,EUR,Monthly,2
1165,2016-09-30,Base Salary,5893.56,EUR,Monthly,1
1165,2016-09-30,Transport Allowance,50.96,EUR,Monthly,2
1165,2016-09-30,Housing Allowance,262.48,EUR,Monthly,3
1165,2017-10-06,Base Salary,8099.1,EUR,Monthly,1
1165,2017-10-06,Transport Allowance,50.96,EUR,Monthly,2
1165,2017-10-06,Housing Allowance,353.24,EUR,Monthly,3
1166,2020-08-31,Base Salary,3804.08,EUR,Monthly,1
1166,2020-08-31,Transport Allowance,54.49,EUR,Monthly,2
1166,2021-07-26,Base Salary,5868.74,EUR,Monthly,1
1166,2021-07-26,Transport Allowance,54.49,EUR,Monthly,2
1167,2021-02-13,Base Salary,3219.01,EUR,Monthly,1
1167,2021-02-13,Transport Allowance,67.92,EUR,Monthly,2
1167,2021-11-11,Base Salary,4435.91,EUR,Monthly,1
1167,2021-11-11,Transport Allowance,67.92,EUR,Monthly,2
1167,2021-11-11,Housing Allowance,214.65,EUR,Monthly,3
1168,2013-12-17,Base Salary,3204.18,EUR,Monthly,1
1168,2013-12-17,Transport Allowance,68.11,EUR,Monthly,2
1168,2014-12-06,Base Salary,7210.47,EUR,Monthly,1
1168,2014-12-06,Transport Allowance,68.11,EUR,Monthly,2
1168,2014-12-06,Car Allowance,400.0,EUR,Monthly,3
1169,2021-11-16,Base Salary,8606.04,EUR,Monthly,1
1169,2021-11-16,Transport Allowance,74.82,EUR,Monthly,2
1169,2021-11-16,Housing Allowance,345.22,EUR,Monthly,3
1169,2022-12-01,Base Salary,9353.75,EUR,Monthly,1
1169,2022-12-01,Transport Allowance,74.82,EUR,Monthly,2
1169,2022-12-01,Housing Allowance,223.74,EUR,Monthly,3
1170,2013-11-04,Base Salary,5379.76,EUR,Monthly,1
1170,2013-11-04,Transport Allowance,55.24,EUR,Monthly,2
1170,2014-10-23,Base Salary,9623.76,EUR,Monthly,1
1170,2014-10-23,Transport Allowance,55.24,EUR,Monthly,2
1170,2014-10-23,Car Allowance,400.0,EUR,Monthly,3
1171,2024-05-24,Base Salary,8028.64,EUR,Monthly,1
1171,2024-05-24,Transport Allowance,58.53,EUR,Monthly,2
1171,2024-05-24,Housing Allowance,415.55,EUR,Monthly,3
1172,2022-04-24,Base Salary,4366.73,EUR,Monthly,1
1172,2022-04-24,Transport Allowance,79.18,EUR,Monthly,2
1173,2018-07-21,Base Salary,3445.59,EUR,Monthly,1
1173,2018-07-21,Transport Allowance,48.49,EUR,Monthly,2
1173,2019-05-27,Base Salary,6065.88,EUR,Monthly,1
1173,2019-05-27,Transport Allowance,48.49,EUR,Monthly,2
1173,2019-05-27,Car Allowance,400.0,EUR,Monthly,3
1174,2012-10-02,Base Salary,3874.91,EUR,Monthly,1
1174,2012-10-02,Transport Allowance,61.96,EUR,Monthly,2
1174,2013-09-13,Base Salary,9938.11,EUR,Monthly,1
1174,2013-09-13,Transport Allowance,61.96,EUR,Monthly,2
1175,2020-11-04,Base Salary,7102.49,EUR,Monthly,1
1175,2020-11-04,Transport Allowance,63.6,EUR,Monthly,2
1176,2024-03-28,Base Salary,4532.41,EUR,Monthly,1
1176,2024-03-28,Transport Allowance,51.52,EUR,Monthly,2
1177,2019-05-03,Base Salary,2887.65,EUR,Monthly,1
1177,2019-05-03,Transport Allowance,62.52,EUR,Monthly,2
1177,2020-03-26,Base Salary,3822.15,EUR,Monthly,1
1177,2020-03-26,Transport Allowance,62.52,EUR,Monthly,2
1178,2017-08-13,Base Salary,2823.21,EUR,Monthly,1
1178,2017-08-13,Transport Allowance,64.62,EUR,Monthly,2
1178,2018-08-09,Base Salary,6048.6,EUR,Monthly,1
1178,2018-08-09,Transport Allowance,64.62,EUR,Monthly,2
1178,2018-08-09,Car Allowance,400.0,EUR,Monthly,3
1178,2018-08-09,Housing Allowance,204.73,EUR,Monthly,4
1179,2023-04-15,Base Salary,7929.38,EUR,Monthly,1
1179,2023-04-15,Transport Allowance,53.66,EUR,Monthly,2
1179,2024-03-17,Base Salary,8167.43,EUR,Monthly,1
1179,2024-03-17,Transport Allowance,53.66,EUR,Monthly,2
1180,2017-02-09,Base Salary,8826.12,EUR,Monthly,1
1180,2017-02-09,Transport Allowance,55.67,EUR,Monthly,2
1180,2018-01-07,Base Salary,10203.77,EUR,Monthly,1
1180,2018-01-07,Transport Allowance,55.67,EUR,Monthly,2
1181,2023-05-06,Base Salary,5462.24,EUR,Monthly,1
1181,2023-05-06,Transport Allowance,58.77,EUR,Monthly,2
1181,2024-02-20,Base Salary,5492.65,EUR,Monthly,1
1181,2024-02-20,Transport Allowance,58.77,EUR,Monthly,2
1182,2018-11-05,Base Salary,3493.15,EUR,Monthly,1
1182,2018-11-05,Transport Allowance,45.64,EUR,Monthly,2
1182,2019-10-28,Base Salary,7027.47,EUR,Monthly,1
1182,2019-10-28,Transport Allowance,45.64,EUR,Monthly,2
1182,2019-10-28,Car Allowance,350.0,EUR,Monthly,3
1183,2014-03-01,Base Salary,5549.47,EUR,Monthly,1
1183,2014-03-01,Transport Allowance,57.32,EUR,Monthly,2
1183,2015-02-14,Base Salary,12355.76,EUR,Monthly,1
1183,2015-02-14,Transport Allowance,57.32,EUR,Monthly,2
1183,2015-02-14,Car Allowance,400.0,EUR,Monthly,3
1184,2023-04-24,Base Salary,4725.25,EUR,Monthly,1
1184,2023-04-24,Transport Allowance,55.58,EUR,Monthly,2
1184,2024-03-23,Base Salary,4935.94,EUR,Monthly,1
1184,2024-03-23,Transport Allowance,55.58,EUR,Monthly,2
1185,2024-09-22,Base Salary,3604.47,EUR,Monthly,1
1185,2024-09-22,Transport Allowance,54.66,EUR,Monthly,2
1186,2021-09-06,Base Salary,8180.41,EUR,Monthly,1
1186,2021-09-06,Transport Allowance,47.17,EUR,Monthly,2
1186,2021-09-06,Housing Allowance,256.69,EUR,Monthly,3
1186,2022-07-22,Base Salary,8907.63,EUR,Monthly,1
1186,2022-07-22,Transport Allowance,47.17,EUR,Monthly,2
1186,2022-07-22,Car Allowance,500.0,EUR,Monthly,3
1186,2022-07-22,Housing Allowance,395.89,EUR,Monthly,4
1187,2021-04-27,Base Salary,4514.99,EUR,Monthly,1
1187,2021-04-27,Transport Allowance,73.52,EUR,Monthly,2
1187,2022-01-25,Base Salary,6414.07,EUR,Monthly,1
1187,2022-01-25,Transport Allowance,73.52,EUR,Monthly,2
1187,2022-01-25,Housing Allowance,407.71,EUR,Monthly,3
1188,2016-11-17,Base Salary,3524.56,EUR,Monthly,1
1188,2016-11-17,Transport Allowance,78.22,EUR,Monthly,2
1188,2017-09-11,Base Salary,6752.54,EUR,Monthly,1
1188,2017-09-11,Transport Allowance,78.22,EUR,Monthly,2
1188,2017-09-11,Car Allowance,400.0,EUR,Monthly,3
1189,2021-11-12,Base Salary,2892.15,EUR,Monthly,1
1189,2021-11-12,Transport Allowance,50.31,EUR,Monthly,2
1189,2022-09-28,Base Salary,4449.31,EUR,Monthly,1
1189,2022-09-28,Transport Allowance,50.31,EUR,Monthly,2
1190,2019-07-08,Base Salary,2740.76,EUR,Monthly,1
1190,2019-07-08,Transport Allowance,67.99,EUR,Monthly,2
1190,2020-04-14,Base Salary,3906.64,EUR,Monthly,1
1190,2020-04-14,Transport Allowance,67.99,EUR,Monthly,2
1191,2015-08-20,Base Salary,5702.86,EUR,Monthly,1
1191,2015-08-20,Transport Allowance,70.55,EUR,Monthly,2
1191,2016-07-21,Base Salary,7286.64,EUR,Monthly,1
1191,2016-07-21,Transport Allowance,70.55,EUR,Monthly,2
1191,2016-07-21,Car Allowance,500.0,EUR,Monthly,3
1192,2024-07-09,Base Salary,7481.69,EUR,Monthly,1
1192,2024-07-09,Transport Allowance,78.62,EUR,Monthly,2
1193,2013-06-10,Base Salary,3028.01,EUR,Monthly,1
1193,2013-06-10,Transport Allowance,66.44,EUR,Monthly,2
1193,2014-05-26,Base Salary,7987.55,EUR,Monthly,1
1193,2014-05-26,Transport Allowance,66.44,EUR,Monthly,2
1193,2014-05-26,Housing Allowance,351.04,EUR,Monthly,3
1194,2023-04-18,Base Salary,5230.28,EUR,Monthly,1
1194,2023-04-18,Transport Allowance,59.61,EUR,Monthly,2
1195,2017-09-13,Base Salary,4065.39,EUR,Monthly,1
1195,2017-09-13,Transport Allowance,65.05,EUR,Monthly,2
1195,2018-08-03,Base Salary,9058.02,EUR,Monthly,1
1195,2018-08-03,Transport Allowance,65.05,EUR,Monthly,2
1196,2015-12-30,Base Salary,6063.13,EUR,Monthly,1
1196,2015-12-30,Transport Allowance,78.97,EUR,Monthly,2
1196,2016-12-11,Base Salary,10963.58,EUR,Monthly,1
1196,2016-12-11,Transport Allowance,78.97,EUR,Monthly,2
1196,2016-12-11,Car Allowance,400.0,EUR,Monthly,3
1197,2015-10-27,Base Salary,3385.95,EUR,Monthly,1
1197,2015-10-27,Transport Allowance,56.52,EUR,Monthly,2
1197,2016-09-30,Base Salary,8525.43,EUR,Monthly,1
1197,2016-09-30,Transport Allowance,56.52,EUR,Monthly,2
1197,2016-09-30,Car Allowance,450.0,EUR,Monthly,3
1197,2016-09-30,Housing Allowance,228.99,EUR,Monthly,4
1198,2012-05-31,Base Salary,3927.28,EUR,Monthly,1
1198,2012-05-31,Transport Allowance,67.84,EUR,Monthly,2
1198,2013-05-10,Base Salary,10231.66,EUR,Monthly,1
1198,2013-05-10,Transport Allowance,67.84,EUR,Monthly,2
1199,2020-01-31,Base Salary,2891.95,EUR,Monthly,1
1199,2020-01-31,Transport Allowance,63.95,EUR,Monthly,2
1199,2021-02-06,Base Salary,4783.7,EUR,Monthly,1
1199,2021-02-06,Transport Allowance,63.95,EUR,Monthly,2
1200,2013-03-28,Base Salary,3725.87,EUR,Monthly,1
1200,2013-03-28,Transport Allowance,52.08,EUR,Monthly,2
1200,2014-01-09,Base Salary,9524.91,EUR,Monthly,1
1200,2014-01-09,Transport Allowance,52.08,EUR,Monthly,2
1200,2014-01-09,Car Allowance,400.0,EUR,Monthly,3
1201,2022-09-18,Base Salary,5011.6,EUR,Monthly,1
1201,2022-09-18,Transport Allowance,55.81,EUR,Monthly,2
1202,2023-11-05,Base Salary,3078.19,EUR,Monthly,1
1202,2023-11-05,Transport Allowance,69.68,EUR,Monthly,2
1202,2024-10-07,Base Salary,3208.51,EUR,Monthly,1
1202,2024-10-07,Transport Allowance,69.68,EUR,Monthly,2
1203,2018-10-19,Base Salary,3374.04,EUR,Monthly,1
1203,2018-10-19,Transport Allowance,76.83,EUR,Monthly,2
1203,2019-09-09,Base Salary,6094.66,EUR,Monthly,1
1203,2019-09-09,Transport Allowance,76.83,EUR,Monthly,2
1203,2019-09-09,Car Allowance,450.0,EUR,Monthly,3
1204,2023-02-28,Base Salary,3860.22,EUR,Monthly,1
1204,2023-02-28,Transport Allowance,79.85,EUR,Monthly,2
1204,2024-03-02,Base Salary,3930.85,EUR,Monthly,1
1204,2024-03-02,Transport Allowance,79.85,EUR,Monthly,2
1205,2013-10-24,Base Salary,3126.39,EUR,Monthly,1
1205,2013-10-24,Transport Allowance,50.08,EUR,Monthly,2
1205,2014-10-01,Base Salary,7463.31,EUR,Monthly,1
1205,2014-10-01,Transport Allowance,50.08,EUR,Monthly,2
1206,2014-12-28,Base Salary,4435.1,EUR,Monthly,1
1206,2014-12-28,Transport Allowance,77.1,EUR,Monthly,2
1206,2015-11-03,Base Salary,6425.76,EUR,Monthly,1
1206,2015-11-03,Transport Allowance,77.1,EUR,Monthly,2
1206,2015-11-03,Car Allowance,500.0,EUR,Monthly,3
1207,2021-06-25,Base Salary,3662.4,EUR,Monthly,1
1207,2021-06-25,Transport Allowance,47.37,EUR,Monthly,2
1207,2022-05-29,Base Salary,5248.8,EUR,Monthly,1
1207,2022-05-29,Transport Allowance,47.37,EUR,Monthly,2
1208,2019-10-07,Base Salary,9922.35,EUR,Monthly,1
1208,2019-10-07,Transport Allowance,78.2,EUR,Monthly,2
1209,2023-05-11,Base Salary,4451.86,EUR,Monthly,1
1209,2023-05-11,Transport Allowance,49.14,EUR,Monthly,2
1210,2019-07-13,Base Salary,4848.25,EUR,Monthly,1
1210,2019-07-13,Transport Allowance,56.12,EUR,Monthly,2
1210,2020-04-26,Base Salary,5793.42,EUR,Monthly,1
1210,2020-04-26,Transport Allowance,56.12,EUR,Monthly,2
1211,2020-08-02,Base Salary,6676.24,EUR,Monthly,1
1211,2020-08-02,Transport Allowance,70.45,EUR,Monthly,2
1211,2020-08-02,Housing Allowance,368.4,EUR,Monthly,3
1211,2021-06-20,Base Salary,7706.62,EUR,Monthly,1
1211,2021-06-20,Transport Allowance,70.45,EUR,Monthly,2
1211,2021-06-20,Car Allowance,350.0,EUR,Monthly,3
1211,2021-06-20,Housing Allowance,411.46,EUR,Monthly,4
1212,2019-08-02,Base Salary,5210.42,EUR,Monthly,1
1212,2019-08-02,Transport Allowance,55.62,EUR,Monthly,2
1212,2019-08-02,Housing Allowance,364.03,EUR,Monthly,3
1212,2020-08-11,Base Salary,7296.26,EUR,Monthly,1
1212,2020-08-11,Transport Allowance,55.62,EUR,Monthly,2
1212,2020-08-11,Car Allowance,500.0,EUR,Monthly,3
1212,2020-08-11,Housing Allowance,396.71,EUR,Monthly,4
1213,2020-01-28,Base Salary,3640.58,EUR,Monthly,1
1213,2020-01-28,Transport Allowance,77.66,EUR,Monthly,2
1213,2020-11-28,Base Salary,4794.98,EUR,Monthly,1
1213,2020-11-28,Transport Allowance,77.66,EUR,Monthly,2
1214,2024-10-15,Base Salary,3989.73,EUR,Monthly,1
1214,2024-10-15,Transport Allowance,50.32,EUR,Monthly,2
1215,2016-09-19,Base Salary,4247.81,EUR,Monthly,1
1215,2016-09-19,Transport Allowance,51.58,EUR,Monthly,2
1215,2017-07-02,Base Salary,8532.98,EUR,Monthly,1
1215,2017-07-02,Transport Allowance,51.58,EUR,Monthly,2
1216,2022-08-30,Base Salary,6242.8,EUR,Monthly,1
1216,2022-08-30,Transport Allowance,51.47,EUR,Monthly,2
1216,2023-09-01,Base Salary,6610.29,EUR,Monthly,1
1216,2023-09-01,Transport Allowance,51.47,EUR,Monthly,2
1217,2019-06-26,Base Salary,2847.9,EUR,Monthly,1
1217,2019-06-26,Transport Allowance,79.51,EUR,Monthly,2
1217,2020-06-08,Base Salary,4423.78,EUR,Monthly,1
1217,2020-06-08,Transport Allowance,79.51,EUR,Monthly,2
1218,2016-11-10,Base Salary,4094.05,EUR,Monthly,1
1218,2016-11-10,Transport Allowance,54.34,EUR,Monthly,2
1218,2017-10-18,Base Salary,6717.92,EUR,Monthly,1
1218,2017-10-18,Transport Allowance,54.34,EUR,Monthly,2
1219,2017-09-17,Base Salary,2951.26,EUR,Monthly,1
1219,2017-09-17,Transport Allowance,66.43,EUR,Monthly,2
1219,2018-08-29,Base Salary,5257.27,EUR,Monthly,1
1219,2018-08-29,Transport Allowance,66.43,EUR,Monthly,2
1220,2013-05-15,Base Salary,4825.26,EUR,Monthly,1
1220,2013-05-15,Transport Allowance,53.13,EUR,Monthly,2
1220,2014-05-07,Base Salary,7736.86,EUR,Monthly,1
1220,2014-05-07,Transport Allowance,53.13,EUR,Monthly,2
1221,2015-12-08,Base Salary,3171.46,EUR,Monthly,1
1221,2015-12-08,Transport Allowance,45.91,EUR,Monthly,2
1221,2016-09-13,Base Salary,7495.08,EUR,Monthly,1
1221,2016-09-13,Transport Allowance,45.91,EUR,Monthly,2
1221,2016-09-13,Car Allowance,450.0,EUR,Monthly,3
1222,2014-08-07,Base Salary,8780.83,EUR,Monthly,1
1222,2014-08-07,Transport Allowance,69.08,EUR,Monthly,2
1222,2014-08-07,Housing Allowance,304.85,EUR,Monthly,3
1222,2015-07-07,Base Salary,10719.82,EUR,Monthly,1
1222,2015-07-07,Transport Allowance,69.08,EUR,Monthly,2
1222,2015-07-07,Car Allowance,350.0,EUR,Monthly,3
1222,2015-07-07,Housing Allowance,386.15,EUR,Monthly,4
1223,2019-01-21,Base Salary,5762.98,EUR,Monthly,1
1223,2019-01-21,Transport Allowance,61.41,EUR,Monthly,2
1223,2019-01-21,Housing Allowance,342.91,EUR,Monthly,3
1223,2019-11-10,Base Salary,7789.41,EUR,Monthly,1
1223,2019-11-10,Transport Allowance,61.41,EUR,Monthly,2
1223,2019-11-10,Housing Allowance,387.47,EUR,Monthly,3
1224,2021-03-25,Base Salary,4443.24,EUR,Monthly,1
1224,2021-03-25,Transport Allowance,62.2,EUR,Monthly,2
1224,2022-01-06,Base Salary,5897.4,EUR,Monthly,1
1224,2022-01-06,Transport Allowance,62.2,EUR,Monthly,2
1225,2013-01-21,Base Salary,5449.84,EUR,Monthly,1
1225,2013-01-21,Transport Allowance,50.73,EUR,Monthly,2
1225,2013-11-15,Base Salary,9543.32,EUR,Monthly,1
1225,2013-11-15,Transport Allowance,50.73,EUR,Monthly,2
1226,2018-08-17,Base Salary,6476.39,EUR,Monthly,1
1226,2018-08-17,Transport Allowance,46.13,EUR,Monthly,2
1226,2019-08-19,Base Salary,7184.48,EUR,Monthly,1
1226,2019-08-19,Transport Allowance,46.13,EUR,Monthly,2
1226,2019-08-19,Car Allowance,450.0,EUR,Monthly,3
1227,2021-10-17,Base Salary,4725.89,EUR,Monthly,1
1227,2021-10-17,Transport Allowance,78.91,EUR,Monthly,2
1227,2022-08-17,Base Salary,6265.34,EUR,Monthly,1
1227,2022-08-17,Transport Allowance,78.91,EUR,Monthly,2
1227,2022-08-17,Housing Allowance,409.04,EUR,Monthly,3
1228,2012-02-06,Base Salary,4181.27,EUR,Monthly,1
1228,2012-02-06,Transport Allowance,52.79,EUR,Monthly,2
1228,2013-01-26,Base Salary,6380.85,EUR,Monthly,1
1228,2013-01-26,Transport Allowance,52.79,EUR,Monthly,2
1228,2013-01-26,Housing Allowance,417.41,EUR,Monthly,3
1229,2024-10-25,Base Salary,7677.85,EUR,Monthly,1
1229,2024-10-25,Transport Allowance,71.52,EUR,Monthly,2
1230,2021-02-26,Base Salary,3538.19,EUR,Monthly,1
1230,2021-02-26,Transport Allowance,47.31,EUR,Monthly,2
1230,2022-01-18,Base Salary,4739.84,EUR,Monthly,1
1230,2022-01-18,Transport Allowance,47.31,EUR,Monthly,2
1231,2015-10-02,Base Salary,6131.77,EUR,Monthly,1
1231,2015-10-02,Transport Allowance,75.35,EUR,Monthly,2
1231,2016-08-29,Base Salary,11263.9,EUR,Monthly,1
1231,2016-08-29,Transport Allowance,75.35,EUR,Monthly,2
1232,2016-08-22,Base Salary,5374.65,EUR,Monthly,1
1232,2016-08-22,Transport Allowance,69.08,EUR,Monthly,2
1232,2016-08-22,Housing Allowance,390.69,EUR,Monthly,3
1233,2012-06-29,Base Salary,5877.9,EUR,Monthly,1
1233,2012-06-29,Transport Allowance,76.07,EUR,Monthly,2
1233,2013-05-19,Base Salary,11445.76,EUR,Monthly,1
1233,2013-05-19,Transport Allowance,76.07,EUR,Monthly,2
1233,2013-05-19,Car Allowance,400.0,EUR,Monthly,3
1234,2023-05-19,Base Salary,3142.31,EUR,Monthly,1
1234,2023-05-19,Transport Allowance,59.17,EUR,Monthly,2
1234,2024-02-18,Base Salary,3175.29,EUR,Monthly,1
1234,2024-02-18,Transport Allowance,59.17,EUR,Monthly,2
1235,2024-04-26,Base Salary,8011.3,EUR,Monthly,1
1235,2024-04-26,Transport Allowance,66.28,EUR,Monthly,2
1236,2014-03-04,Base Salary,5684.16,EUR,Monthly,1
1236,2014-03-04,Transport Allowance,58.31,EUR,Monthly,2
1236,2014-03-04,Housing Allowance,268.84,EUR,Monthly,3
1236,2015-02-15,Base Salary,8017.59,EUR,Monthly,1
1236,2015-02-15,Transport Allowance,58.31,EUR,Monthly,2
1236,2015-02-15,Car Allowance,400.0,EUR,Monthly,3
1236,2015-02-15,Housing Allowance,406.61,EUR,Monthly,4
1237,2022-01-25,Base Salary,4691.76,EUR,Monthly,1
1237,2022-01-25,Transport Allowance,65.02,EUR,Monthly,2
1237,2022-12-29,Base Salary,6139.61,EUR,Monthly,1
1237,2022-12-29,Transport Allowance,65.02,EUR,Monthly,2
1237,2022-12-29,Car Allowance,350.0,EUR,Monthly,3
1238,2012-06-17,Base Salary,9260.98,EUR,Monthly,1
1238,2012-06-17,Transport Allowance,63.38,EUR,Monthly,2
1238,2013-06-12,Base Salary,9526.29,EUR,Monthly,1
1238,2013-06-12,Transport Allowance,63.38,EUR,Monthly,2
1239,2019-04-17,Base Salary,5065.08,EUR,Monthly,1
1239,2019-04-17,Transport Allowance,72.54,EUR,Monthly,2
1239,2020-03-18,Base Salary,6796.01,EUR,Monthly,1
1239,2020-03-18,Transport Allowance,72.54,EUR,Monthly,2
1239,2020-03-18,Car Allowance,350.0,EUR,Monthly,3
1239,2020-03-18,Housing Allowance,224.05,EUR,Monthly,4
1240,2015-02-03,Base Salary,4041.95,EUR,Monthly,1
1240,2015-02-03,Transport Allowance,60.99,EUR,Monthly,2
1240,2015-11-05,Base Salary,9007.77,EUR,Monthly,1
1240,2015-11-05,Transport Allowance,60.99,EUR,Monthly,2
1240,2015-11-05,Car Allowance,450.0,EUR,Monthly,3
1240,2015-11-05,Housing Allowance,393.11,EUR,Monthly,4
1241,2018-06-13,Base Salary,5459.93,EUR,Monthly,1
1241,2018-06-13,Transport Allowance,53.6,EUR,Monthly,2
1241,2019-05-17,Base Salary,9071.84,EUR,Monthly,1
1241,2019-05-17,Transport Allowance,53.6,EUR,Monthly,2
1241,2019-05-17,Car Allowance,350.0,EUR,Monthly,3
1241,2019-05-17,Housing Allowance,287.03,EUR,Monthly,4
1242,2019-09-26,Base Salary,6049.89,EUR,Monthly,1
1242,2019-09-26,Transport Allowance,70.73,EUR,Monthly,2
1242,2020-09-01,Base Salary,7114.13,EUR,Monthly,1
1242,2020-09-01,Transport Allowance,70.73,EUR,Monthly,2
1243,2024-12-13,Base Salary,5301.32,EUR,Monthly,1
1243,2024-12-13,Transport Allowance,58.56,EUR,Monthly,2
1244,2024-10-16,Base Salary,3488.1,EUR,Monthly,1
1244,2024-10-16,Transport Allowance,71.78,EUR,Monthly,2
1245,2013-05-23,Base Salary,2810.85,EUR,Monthly,1
1245,2013-05-23,Transport Allowance,78.69,EUR,Monthly,2
1245,2014-03-13,Base Salary,6992.22,EUR,Monthly,1
1245,2014-03-13,Transport Allowance,78.69,EUR,Monthly,2
1245,2014-03-13,Car Allowance,400.0,EUR,Monthly,3
1245,2014-03-13,Housing Allowance,264.06,EUR,Monthly,4
1246,2024-09-28,Base Salary,8342.03,EUR,Monthly,1
1246,2024-09-28,Transport Allowance,58.93,EUR,Monthly,2
1246,2024-09-28,Housing Allowance,267.0,EUR,Monthly,3
1247,2015-10-25,Base Salary,4436.5,EUR,Monthly,1
1247,2015-10-25,Transport Allowance,73.97,EUR,Monthly,2
1247,2016-09-18,Base Salary,5647.12,EUR,Monthly,1
1247,2016-09-18,Transport Allowance,73.97,EUR,Monthly,2
1248,2023-02-01,Base Salary,4884.91,EUR,Monthly,1
1248,2023-02-01,Transport Allowance,50.83,EUR,Monthly,2
1248,2023-12-05,Base Salary,4964.63,EUR,Monthly,1
1248,2023-12-05,Transport Allowance,50.83,EUR,Monthly,2
1249,2012-07-11,Base Salary,3320.16,EUR,Monthly,1
1249,2012-07-11,Transport Allowance,66.46,EUR,Monthly,2
1249,2013-04-13,Base Salary,7874.6,EUR,Monthly,1
1249,2013-04-13,Transport Allowance,66.46,EUR,Monthly,2
1249,2013-04-13,Car Allowance,350.0,EUR,Monthly,3
1250,2012-05-06,Base Salary,4501.34,EUR,Monthly,1
1250,2012-05-06,Transport Allowance,69.15,EUR,Monthly,2
1250,2013-02-18,Base Salary,7082.64,EUR,Monthly,1
1250,2013-02-18,Transport Allowance,69.15,EUR,Monthly,2
1250,2013-02-18,Housing Allowance,301.99,EUR,Monthly,3
